34015284
Z5010002
34015336
D6040078
D6040079
D6040077
M1010026
M1010105
M1010106
M1010025
M1010005
M1010004
53021060
24100010
51031605
70052567
70054864
70053000
51031900
51031905
54080119
54080121
54080120
54080124
51050143
51050127
51031689
51031610
01050655
01050657
01050656
52100156
51050136
01230247
70053463
01225151
51031723
70041742
70053451
70024160
45120384
45120385
45120392
45060219
45120294
45120289
45120312
45120316
45120306
45120309
45120310
C8020027
C8020031
34015562
65010040
65010029
65010030
65010038
65010039
45040094
45040096
45040098
45040099
34015397
53040122
53040123
45460542
52090187
52090190
78030020
78030038
45160458
75023002
45160457
75023022
86030010
86030011
86030012
86030013
75023035
75023034
45460027
75023020
75023039
75023036
75023037
75023038
75023005
75023031
75023024
75023025
75023017
75023010
75023016
75023044
75023030
75023041
75023009
75023013
75023049
75023040
78030006
75023028
75023029
53030321
53040134
53040137
53040095
53030315
53030314
53030316
53040096
53030319
53040094
53030318
53040093
53040087
53040138
53040141
53040091
53040076
53040088
34015423
76022006
76011070
76022028
45460541
76022020
76022021
76022019
76022022
76022009
76022008
76022005
76022031
76022033
76022012
76022011
76022029
76022003
76022004
76022016
76022010
78030009
78030012
C8020024
C8020023
C8020022
52090273
76022025
76022023
45160460
76022015
76022013
76022030
45460400
45460401
45460431
45460420
45460423
76022017
45160446
45160437
45460017
45460019
53040019
45160444
75023003
45190914
52090072
45190848
45190847
45190850
45190845
45190846
45190844
53030231
45190856
64030161
64030162
45190928
45190925
45190924
64030111
45190956
45190974
45190955
45190957
45190958
45190959
45190962
45190695
45190530
45190913
45190858
45190912
45190857
64030121
45190977
45190975
45190978
45190976
45190867
45190485
64030146
45190863
45030767
45030768
45030728
46010528
46010529
46010533
46010534
45370120
45190660
45460427
45460485
45190986
45060216
45190985
45190657
74020205
45190862
74020203
45190931
45190932
45190933
45190934
45190963
45190964
45190965
45190966
45120414
45190947
45190948
45190949
45190950
45120415
45120416
45190874
45190937
45190938
45190939
45190967
45190940
45190941
45190942
45190968
45190969
45190972
45190944
64030173
64030174
64030175
64030172
64020490
64020491
64030178
64030177
45190896
45190895
45190894
45190893
45190897
64030112
64030110
64030118
64030119
64030120
45190951
45190952
45190953
45190954
45190851
45190840
45190979
45191005
64030095
45191002
45190860
45190861
45190995
45190992
45190991
45190994
81010005
81010003
45190887
64030169
64030170
45120372
45190821
45120279
45120360
45120358
45120362
45120450
45120451
45120410
45120363
45120417
45120361
45120359
45120412
45120413
45120411
85010013
45030753
45030752
45120349
45120347
45120348
45190843
45190833
45030730
45190832
45120428
45191008
45030735
45030737
45030734
45030732
45030738
45030736
45030748
45030739
45030745
45030744
45030741
45030731
45030743
45030740
45030749
45030750
45030770
45030756
45030765
45030754
45030755
45030757
45030764
45030758
45030762
45030759
45030763
45030761
45030766
45030774
85010002
85010006
83010008
45190830
85010004
45190831
45190886
45120346
45120366
45120364
45120365
85010007
85010008
85010009
85010010
85010016
85010020
85010021
85010037
64030156
64030157
64030158
45190908
64030159
64030160
73010010
45190822
45190907
45190973
45190906
45190899
45190923
45190970
45190971
45191016
83010013
45190892
45190891
45190888
45190890
45190889
45190983
45190984
45190905
45190855
45190902
45190904
45190898
45190915
45190916
45191004
45191003
45191012
45190999
45190988
45191000
45190998
45190996
45190990
45191013
45191015
45190854
45190865
45190841
45190838
45190852
45190836
45190835
45190909
45191006
45190980
45190982
45191007
45190981
83010002
45190828
45190827
83010006
45190825
83010005
45190824
45191020
45190885
45190917
45190919
45190918
83010010
83010011
83010012
83010016
83010017
64030144
45190987
46010586
78050032
45190872
75031043
45120219
45120407
1
C5020019
Z6010033
Z6050001
Z6050011
Z6050012
78050035
C5020013
Z6050005
Z6050002
78050046
C5020011
C5020010
C5020012
78050040
Z6050003
Z6050004
Z6050006
Z6020004
34015637
90010002
90010003
90010006
90010005
90010010
90010012
45120202
45410014
75031028
45410011
75031013
75031016
38040352
38040362
38040353
38040361
75031015
75031014
75031012
75031029
45030561
45120093
45190697
45190698
75031034
75031035
75031030
75031031
75031032
75031040
75031041
75031007
75031006
75031008
75031021
75031017
75031036
75031005
75031001
38040351
38040363
75031037
75031039
75031038
75031026
75031027
75012143
75031046
75031045
45030727
45030725
75031042
75031047
78050009
45060271
45060268
45060269
45060272
45060273
45080196
45060277
45060278
45060279
45060280
45060282
45060284
45060287
45060286
45060181
45060263
45060262
45060265
45060266
45060267
45060244
45060246
45060247
45060248
45060274
45060251
45060252
45060253
45060254
45060255
45060289
45060288
45100152
45120107
78050043
89030032
89030030
89030031
89030033
78050051
78050048
45120277
45120419
45120369
45120371
45120370
45120409
45120446
45120404
45120444
45120429
45120421
45120420
78050029
78050012
78050034
78050025
78050030
45030491
45030502
78050055
78050056
78050054
46010376
46010378
45030450
78050007
78050010
78050011
78050052
78050058
78050059
78050060
78050057
78050066
45120373
45120374
78050053
78050065
78050018
78050017
78050008
78050006
45120281
78050039
78050041
78050042
78050049
78050050
78050047
45120210
45120396
45120401
45120402
45120427
45120155
C8010023
C8010022
C8010024
C8010025
45120445
78050028
89030035
89030036
89030034
78050038
78050036
78050013
78050037
78050015
45120280
75010003
45410023
D4010005
45410021
45190753
M3010003
M3010005
M3010004
M3010002
90010020
90010019
90010018
90010022
90010021
86010018
86010010
86010011
86010017
86010013
86010012
86010016
86010009
C8010038
C8010037
C8010036
C8020019
45120352
45120403
45100199
45100202
45100196
45100197
45100203
45120430
45100205
45100206
45100210
45100211
45100204
45120163
45120169
45120165
45120167
45120164
45120166
45120170
45100207
45100201
45100198
45120432
45120441
45100154
45120435
45100180
45100173
45100179
45100186
45100191
45100188
45100167
45100182
45100169
45100209
45100189
45100172
45100190
45100166
45100183
45100185
45100177
45100200
45100171
45100181
45100178
45100187
45100168
45100184
45100176
45100174
45100170
45100193
45100192
45100195
45120125
45120425
45100135
45100143
45100144
45120168
90010013
90010014
90010015
90010016
90010017
45100147
45100148
45100149
45100150
45100151
45100153
45120357
45120351
45120148
46010608
46010610
D4010013
D4010015
D4010011
D4010007
D4010009
D4010008
D4010012
D4020008
45120400
45120398
45120424
45120442
45120423
45120215
45120422
45120214
45120213
D4010002
D4010004
D4010016
D4010019
D4020026
D4010014
45060199
45030640
C5010030
86010037
C5010027
86010034
C5010028
86010035
C5010029
86010036
86010033
38040180
38040326
46010362
45040087
45040100
46010461
46010463
46010465
46010467
45030705
45120207
45120205
45120209
45120208
45120206
45030721
45030722
45060231
45060233
45060275
45060173
45060177
45060225
45030648
45030699
45120158
45120156
45120157
45120273
46010445
46010451
46010455
45100099
45040090
45120180
46010612
45120193
45120337
45120171
45120174
76022014
D4010003
45100213
76022027
76022001
76022002
45030710
52090112
45460404
45460406
24210075
24230054
24200076
24200074
24200055
24200057
24200088
24200087
24200090
24200084
24200082
24200089
24200086
24200092
24200085
24200093
24200056
24200064
24200068
24200054
24200062
24200072
24200078
24200052
24200058
24200070
24200050
24200060
24200066
24200080
24200069
24200081
24200053
24200063
24200071
24200079
24200059
24200073
24200077
24200051
24200065
24200067
24200075
24140002
24140009
03230069
03230075
03230074
03230076
03240040
03240041
24200061
24200094
24180007
24190005
24190004
24190002
24010216
24180018
24100007
24180015
03210059
24150013
24140016
24180023
24180020
24010230
24010233
24010234
24010235
24010236
24010231
24010241
24010224
24010227
24010222
24010199
24010214
24010220
24010221
24010226
24010215
24010212
24010239
24010240
24010229
24010204
24010232
03240058
24210102
24210104
24240056
24240055
24210054
24210095
24210089
24210094
24210088
24210101
24210100
24210091
24210093
24210097
24210099
24160025
24210051
24210059
24210073
24210086
24210053
24210061
24210071
24210079
24210055
24210063
24210069
24210084
24210087
24210057
24210065
24210067
24210082
24210076
24210052
24210062
24210068
24210085
24210064
24210070
24210080
24210056
24210066
24210072
24210083
24210058
24210060
24210074
24210078
03210092
24150003
03210095
03210096
24210077
51041043
51040877
51040878
51041008
07031009
01240149
01240150
D1010007
D1010005
D1010006
D1010020
51070057
Z101002
Z101001
Z1010009
Z1020013
01230287
70054649
70053687
70054325
02022687
93020006
51032437
C3020127
93020013
93020014
93020015
34015650
38080350
52100196
52100197
34015398
51041160
C8040135
C8040136
C8040137
C8040138
C8040139
C8040140
C8040154
C8040152
C8040153
C8040155
C8040156
C8050012
C8050011
C8050010
C8050009
C8050013
C5040050
C8050068
86020018
86020019
C5040038
C5040051
C5040069
C5040068
C5040070
C5040066
C5040065
C5040067
C5040053
C5040013
C5040014
C5040012
C5040015
C5040036
C5040044
C5040045
C5040047
C5040046
C5040048
C5040062
C5040017
C5040060
C5040061
C5040063
C5040064
C8040118
C8040119
C8040120
C8040121
C8040122
C8040123
C8040080
C8040081
C8040082
C8040083
C8040084
C8040085
C8040086
C8040087
C8040088
C8040089
C8040090
C8040091
C8040092
C8040093
C8040094
C8040095
C8040124
C8040125
C8040126
C8040127
C8040128
C8040129
C8040130
C8040131
C8040132
C8040133
C8040134
C8040113
C8040114
C8040115
C8040116
C8040117
C8040100
C8040099
C8040098
C8040097
C8040096
C8040101
C8040102
C8040103
C8040104
C8040105
C8040106
C8040107
C8040108
C8040109
C8040110
C8040111
C8040112
C8050069
70055177
C5030024
70052859
70023264
51032359
38080384
38080383
70052806
70052807
52100049
52100060
52100057
52100120
70052886
34015468
51031674
51031673
51031672
70052860
70052861
38080386
38080387
38080372
C8040028
C8040026
38080389
C8040007
C8040008
38080388
C8040009
70052809
70024024
70052797
70052798
51031616
70052796
51031617
70052803
70052808
54020028
54020029
54020030
70052849
54020032
51021192
38080398
38080395
38080397
38080396
38080393
93020011
52040071
93020007
52100063
52100062
70024759
52100126
70053003
70053002
70053004
52100088
52100090
52100124
52100134
51031615
51031619
70052862
70054887
52100153
52100119
46030149
46030148
01230453
70054476
70054475
51021178
51032458
51032460
51032459
51031718
51020742
51031418
70054083
70054474
70024241
70052777
70052785
70024242
70024258
70051636
70024461
51031602
01230314
52110132
70053568
70053764
70053043
70053334
51021179
70024364
70024578
70024509
01230369
70024672
70024664
70052784
70054646
51020752
51021186
70053645
51032169
51021399
70023987
70054384
70054383
70051703
70054547
70054787
70054788
70054789
70054927
51031901
70052647
70052648
70052649
70054216
70053087
51031931
70053083
70053661
70053569
70024327
70024462
70053662
51031932
51032148
70024515
70024514
70052211
70024328
70024465
70024467
70024079
70053770
70024638
46030123
70024763
51032350
70024080
51032351
70054784
70054956
70053644
70024237
70053421
70053651
70053652
70053653
70053654
70053419
70053422
70024762
51021188
51031536
51021080
51021198
51021200
51021196
51021079
51021187
51021194
70053648
70054647
70054644
70054645
70054648
70053650
70054629
01040608
70024513
70024210
B4030009
B4030010
B4030011
B4030008
B4030007
B4030006
B4030005
B4030014
B4030013
70055297
70024754
70024795
01230456
51031703
51031702
70052013
70023978
70052219
51031888
01050725
01230454
01230457
70055263
51021197
70024798
01230452
70053660
52090071
70054297
01050713
01230367
51032145
01050714
01050715
01050719
01040609
01050722
01050720
01050724
01050723
01050721
70051641
70051638
70024333
70053571
70023583
70054614
70052579
51021175
70053557
70053558
70024200
70053574
70053575
70053572
70053573
70053533
70025042
70053044
70024512
51032357
51032170
70024605
70024606
70054818
70054277
70054278
01050737
51050130
01050738
01230455
70055043
70055044
70024337
70054385
70053986
70024336
70054302
70054622
51032218
70054394
51032217
70054393
51032216
51032219
70054391
51021184
51032353
70055320
70025112
70025113
51032473
51032472
51032471
51032470
70024505
70054615
70054616
70054034
70054621
51021195
51021065
70053055
51031935
70054035
70053852
70053854
70053856
70055042
51032354
51031224
51021180
70054037
70024864
70023985
70054617
70053647
70054612
70054613
70054611
70053807
70053806
70024334
70053056
70054618
70024379
70054246
70024499
70054630
70024382
51021182
70024338
70053835
51032168
70055346
70024383
70055347
70053825
70053823
51021181
70053824
70024384
70054627
70054245
70054923
70054626
70023668
70052335
70054817
70023481
70054815
70025125
70053783
70053796
70024357
70024500
70051399
70054027
70054028
70024501
52100204
51031933
51031895
51031934
51032096
51032098
51032101
51032099
51032103
51032105
70054283
70054285
70054288
70054282
70054289
70024558
70054069
51021201
70054994
70053567
70053256
70053253
70053255
70053252
70053259
70054636
70053090
70054555
70053254
70053616
70024203
70024335
70053328
70054366
70053624
70024236
70024508
70053631
70053623
70053332
70053618
70053773
70053626
70053613
70053621
70053625
70054364
70054635
70054631
70054632
70054362
70054369
51032200
70054367
70054363
70054633
70054360
51032201
70054634
51032199
70054368
70054361
70054371
70054370
70054637
01050736
70054995
70054941
70054940
70055013
70055012
70055011
70055254
70054942
70055253
51032336
70054852
70055005
51032153
51032355
70054024
70054812
70054814
70054023
70054412
70054236
51032154
70024204
70053534
70053329
70054953
70052640
46030173
46030170
70024009
01050638
38080236
50030164
38080256
38080260
38080258
38080261
50030181
50030183
70050046
46020120
46020115
01230151
38050357
38050354
38050353
38050355
38050356
38080294
38080289
38080288
38080285
38080296
38080298
70053088
70051234
86030008
86030007
51031893
70024562
01230371
01230370
70054066
70024561
70054073
51031425
70052643
70024228
70053594
70054067
70053589
70053593
70053591
70053592
70024220
70053590
70024221
70024511
51032186
70054327
70054331
01050672
01050673
01230413
01230414
01230418
01230410
01230411
01230417
01230405
01230406
01230407
01230416
01230433
01230434
01230435
01230436
01230437
01230438
01230439
01230440
01230441
01230443
01230445
01230179
01250294
70054957
70054958
70054959
70054861
70054863
70054854
70024799
01230191
01230207
01230164
70055249
70055039
70055040
70055045
70055176
70055038
01230460
70054486
70054487
70054488
70054489
70054490
70055151
70054498
70055149
70054560
70055148
70052025
70052721
70055041
70054497
70052719
51031601
51032366
51032097
51031722
51032370
51032369
51032368
51031894
51020837
70053416
70055288
70053478
70055247
70055245
70055258
70053402
70055259
70055283
70055281
70055282
70055205
70055155
70054029
70053412
70053413
70055146
70055153
70055035
70055036
70055037
70054365
70052661
70052662
70054448
70054449
70054450
70053619
70054466
70053810
70053811
70053284
70053614
70054447
70054078
70052663
70053042
70053636
70054082
70054081
70054445
70054333
70053633
70054446
70055204
70053655
70055010
70053480
01050735
51031902
51031909
51031908
70052720
70054951
70051413
46030177
46030182
46030181
46030179
46030180
46030178
70053045
46030175
46030176
70024851
70024852
70024865
70024866
70024978
70024862
01230462
70024706
70055154
70024968
70052087
70023581
70052760
70053205
70054090
70054080
70054079
51032356
70024666
70025016
70025018
01230368
70025049
70025071
70025080
70025048
52100185
70024967
70024860
70024861
70024658
70053615
70024563
70024576
70024575
70054392
70054954
70054955
70055006
70055009
51021570
70053774
70053649
C5030028
C5030026
C5030013
C5030019
C5030015
C5030021
C5030023
C5030017
01050627
01230182
51021199
D1010032
D1010011
70024633
70054164
70054166
70054584
70024634
70054160
70024840
70024838
70024839
70054161
70054165
70055299
70052034
70023445
70052032
70023801
70051537
70051921
70023881
70054979
70024139
70024517
70024516
51031716
51031962
51031964
70025023
70025019
70051560
70024218
70053583
70054980
51031914
70024100
70053280
70024090
70053290
70053281
70053283
70024245
70053487
70024166
70053545
70054981
70054162
70054501
70054163
70054502
70055170
70054982
70025104
70025105
51032085
70055145
70054998
70054997
70054102
70052884
70023972
70053367
70054960
70053368
70053369
70054962
70054966
70054965
70054961
70024924
70024923
70053190
70024551
70024553
70024550
70053187
70052878
70053186
70053188
70053184
70053025
70052633
70052882
70053183
51031690
51031963
70023969
70023970
70023971
70052562
70052561
70052563
70024805
70053108
70024579
70024137
70053423
70053420
70024630
70024806
70024982
70024985
70024981
70055300
70053426
70053417
70025075
70025073
70025074
70055285
70052632
70052881
70052880
70054996
70054582
70054583
70054963
70054999
70024592
70025020
51031715
70053024
70054964
70055201
70024869
51020553
70024844
70055276
01230188
01230189
70051330
38050362
38050359
38050363
38050365
38050364
38050358
38050361
38050360
46020181
46020166
46020170
46020165
46020168
46020169
46020167
38050366
01230273
01230276
01230275
01230402
01230415
70055200
70055202
70054599
01230374
70055214
70055215
70055212
70055279
70055213
70055275
70055280
70055217
70055216
C7010034
C7010031
C7010037
C7010033
C7010035
C7010032
C7010036
C7010044
70024991
70025070
54080084
38080333
52090070
54010067
D3010063
01250219
01250278
01250281
01250280
01250283
01250279
01250277
01250288
01250289
01250290
01250291
70054665
70054666
70054667
70054668
70054663
70054664
01230442
01230180
70052387
70052823
38031726
51041018
51041017
51041019
70052820
70052824
70052821
70052822
51031634
51031651
51041071
70052533
70052865
70052872
70053501
70050451
70053262
70053503
70054114
51032365
70024344
70023637
70054152
70024841
70024626
51041665
70054575
51032361
51032360
51032362
51032163
70024641
70024640
38080376
38080375
38080374
38080380
38080381
38080400
38080359
38080373
38080401
70054831
70024027
51031604
70054832
01250310
70054829
70052615
70054830
70052611
70052616
70052658
70053261
51031926
70052614
51031671
70052617
70052619
70052665
70024671
70052660
70023916
70052618
70052659
70052610
70052856
70024020
70023778
51031603
52110127
52110128
70052774
70023902
70052852
51031598
70024613
70052858
70052857
51041037
70052889
70052887
70052888
70052891
70052775
51031600
51031685
51031684
51031670
70024302
70024007
70052853
51041038
51031599
51050147
70024006
70023625
51031927
70053038
51031822
70024318
70054878
70053761
70054576
70024182
70054110
70054111
70054109
70054112
70054150
70054577
70053286
70054457
70024093
51050150
70054157
70024667
51050166
70054458
70024031
70052890
70052893
70052894
70052892
70055047
70054877
70054879
70055048
70055049
51031982
51031984
01250240
51021493
C8040013
C8040005
38080365
C8040012
38050444
38080364
C8040011
C8040006
38080366
38080369
C8040015
C8040010
38080279
38080266
70053258
C8040027
38080390
38080367
38080391
C8040014
70052939
38080379
38080378
38080377
70024040
70023914
70024012
70052845
51031657
70053093
70024037
70052836
70052835
70052612
70024919
70024917
51021497
51031928
70024231
51040794
70024294
70051557
70051099
70051830
70052431
70023756
70052968
70053735
70053296
70053295
70053801
70024362
70053294
70024295
70024363
70024106
70024361
70053297
70024125
70053736
70053399
70053803
70053293
70024124
70053397
70024126
70024810
70024360
70053802
51041187
70024807
51031939
70054106
70054480
70024670
70024314
70054477
51032269
70054478
70054479
70024669
70024645
70024476
70024478
51031938
51031937
70053620
70053622
70053092
70053599
70053091
51031940
51031936
51031941
70024956
70053598
70024557
70024230
70024555
51041147
70024098
01250311
70024054
70024342
70024629
70024636
70054141
70024624
51032338
70054159
70024623
51032339
70024554
70024612
70024556
70024758
70054828
70025030
70053782
70054033
70024614
70054926
70054826
01250301
70054827
51050153
51050154
51032343
51050155
70054321
70054322
51032342
51032344
70054567
51032372
70054568
51032374
51032375
51032373
51032376
51032377
70054596
70054593
70054594
70054595
70054624
70054838
70054837
70024761
70024767
70024760
01250303
70024766
70054842
70054843
70054841
70024768
70054834
70054836
01250302
01250318
70055203
70053544
70024591
70024590
70053814
D3010051
51031675
70024477
70054148
70054572
70024572
70053998
51032111
51032371
51050152
70054113
70024502
70024954
70024999
70052875
70024778
70054876
70054875
70025119
70025120
51032084
51032083
51031228
51031678
70052910
70052911
70360015
70360005
70360004
70360014
70360008
70360007
70360006
70052868
70053798
70053797
70053799
51031714
51031679
51031677
51032080
51032081
51032079
70054108
70054546
51032082
70024349
70024348
70053785
70024301
70054168
70052854
01250242
70024029
70024418
70054603
70054600
70054609
70054605
70024711
70054610
70024402
70024060
70023946
70053908
70054602
70053907
70055095
70054578
70054581
51032401
70054579
51032400
70054580
51032403
51032402
51032404
51032405
70024600
70054287
70024650
70024649
70054294
70024654
70024653
70054292
70024651
70024652
51031256
51031596
51031597
70055190
70053089
51041041
70024059
51031676
D3010083
70054571
70024016
70052597
70024792
70054893
70054895
70054910
70024787
70054896
70054897
70054901
70054902
70024788
70024789
70054907
70054905
70054908
70054909
70024790
70024791
70054891
70053817
70024380
70024376
70024372
70024373
70024375
70024374
51031889
51031688
70053028
51031892
51031890
70053306
70053302
70053822
70024108
70053637
70053820
70024303
70053819
70053744
70053305
70054213
51032144
70054212
70024637
70054545
70054459
70054537
51032349
70024680
51032347
01250304
70054874
70054873
70054889
70055026
70055243
70055027
70024922
70055094
70055242
70055093
70024921
70360020
70360019
70053767
70053768
70024620
70024332
70024621
70024350
70053787
70053786
70054137
70054158
70024331
70054136
70024665
70053528
70053527
70053530
70024679
70054839
70024765
70055028
70055141
70055029
70052652
70052655
70052653
70052650
70024005
70052654
70052656
70052651
70054945
01250312
01250313
51041058
70024351
70053792
70053793
70053794
70053795
70024341
70053779
70024339
70024300
70053743
70054040
51032378
51032379
38050310
70050040
70023293
01250132
01250135
01250134
01250196
70052676
70054570
70054208
51031943
70053299
70053304
70360017
70052976
70052977
70052978
70024569
70054093
70054097
70054096
70054098
70054885
70054871
70054872
51041025
70052726
70052713
70024129
70053411
70024131
70024355
70024356
70054156
70054154
70054155
70024925
01250194
01250258
01250260
01250293
51031944
70053643
70054623
70054131
70054132
70054133
70054134
70024615
70024616
70024619
70054142
70054143
70054144
70024622
70054145
70054146
70054147
70054140
70024618
70054138
70054139
38050397
38050400
51040839
38080197
38080322
50030203
50030206
50030204
70055053
70055144
70055143
70055309
70055063
70055307
70055308
70054461
70055056
70055057
70055058
70055059
70055055
70052866
70052864
70052873
C8040020
C8040022
C8040023
C8040024
70054506
70051670
70055062
70054499
70054460
70054505
C8030051
C8030048
C8030050
C8030049
C8030052
51032320
51032321
51032323
51032307
70052664
51031666
51031665
70023650
70023656
70052843
70052842
70052844
51031820
51031363
51031668
51031368
51031680
70053632
70053634
51031663
70053630
70053628
70053635
70024015
70052850
70052851
70054210
70053094
70053098
70052674
70053001
70053095
70052846
70052847
70052945
70052946
70053027
70052673
70053037
70053101
51041151
51031664
51032453
51031971
51031970
51031655
51032454
51031972
51031821
51031656
51031925
51032308
70053541
70053540
70054076
70053539
70054075
70054077
70053538
C8030039
C8030033
C8030065
C8030038
C8030036
C8030063
C8030041
C8030064
70054118
70054117
70054116
70054124
70054123
70054121
70054120
70054125
70054167
70054126
70054127
70054129
70054764
70054763
70053096
70053097
70055025
70053122
51050134
70024881
70024873
70024871
70024872
70024875
70024963
70024882
70024883
70024880
70024042
70024877
70024878
70024625
70024014
70024041
70053733
70024354
70053732
70053789
70053790
70360018
70054563
70053639
70053642
70053303
70053107
70053640
70024039
70054850
70054847
70054848
70024769
70024770
70024771
70054853
70024775
70054844
70024772
70024774
70024773
70054845
70054846
70054849
70024710
70023948
70024013
70023951
70023947
70023949
70023952
70023950
70024038
51032406
70053815
70054439
70054440
70054438
70054443
70054441
70054442
70054455
70054451
70054454
70054456
70054452
70054453
38080340
50020185
50030212
52100139
70053026
54080123
54080122
01050708
51031691
52100052
70055244
51041098
70024022
70052793
52100193
52100192
52100210
52100202
52100200
52100205
52100209
52100199
93020024
54080201
54080202
54080203
54080204
C5040019
C5040027
C8030077
C8030081
C8030079
C8030078
C8030080
C5040026
C5040018
C5040016
C5040010
C5040008
C5040007
C5040011
C5040009
C5040071
C5040034
C5040031
C5040032
70024803
C5040052
C5040054
C8040043
C8040040
C8040046
C8040044
C8040045
C8040047
C8040037
C8040036
C8030075
C8040039
C8040042
C8040034
C8040038
C8040041
52100207
93020026
93020025
93020029
93020027
C5040028
C5040029
C5040030
C8050086
C8050087
C8050041
C8050037
C8050047
C8040035
52100208
70024804
C8050039
C8050040
C8050042
C8050043
C8050045
C8050046
01250183
70024030
52100054
52100131
52100085
70054026
51050128
51031916
70054274
70054275
51031915
70053314
51021166
70024329
70053315
70054411
70024827
70053765
70054273
51021172
70053086
51050126
70024061
70054011
51032335
70053308
70024386
70054272
70054978
70054977
70053082
70054224
70054431
70024808
70054640
70054010
51032352
70024257
70024639
70024503
70054494
70054641
70054022
70024809
70024081
70054643
70054223
70053059
51032358
70053576
70053771
70054016
70053772
70054222
70054221
70054642
70024830
70053047
70051245
51021170
70054656
51021168
70053060
70053049
70052340
51021167
70052582
70024498
70053561
70054276
70054472
51050122
51031917
51031921
70052767
70054469
70054468
70054473
70052770
70055004
70053046
70053124
70052761
70052762
70052763
70052765
70053500
70052638
51021171
01230461
70055001
70054339
01050718
51050169
51021164
51050133
51031918
51050132
51031919
51031920
51050131
70053566
70053537
70024385
70053843
70053833
70053511
70053513
70054019
70053518
70053288
70024202
70053287
70053307
70054657
70053784
70054038
70053775
70054020
70054651
70054650
70054658
51050165
51050160
51050158
70054654
70054975
70054406
70054405
51050159
70054655
70054970
70054396
70054972
70024828
51050163
70054404
70054410
51050168
70054395
51050164
70054407
70054408
70054409
70024831
70054639
70054653
70054652
70054973
51021169
51050142
70053858
70053859
70053860
70053861
70053849
70053850
70051291
70054437
70054974
70053084
70052668
51021173
70024330
70053166
70052644
70053232
70023997
70052645
70053231
70053057
70053586
70053578
70053577
70055046
70024109
70053310
70053234
70053233
70053585
70053559
70053581
70054373
70054557
70054372
70054556
70054558
70054559
70054968
70024010
70024011
46020121
38050312
70051987
70052339
70052725
51050120
70052637
70052723
70024019
70052722
70054335
70054017
51050121
70023973
70023979
01230228
70052771
70052056
70052772
70052766
70052768
70052769
51032416
51031922
51031923
70054218
70054220
70054374
70052669
70053560
70054485
70055000
70053048
70053311
70053313
70053580
70054021
70054444
70052670
70052671
70052672
70052667
70054337
70053563
70024506
51050170
70053085
70053061
01230466
70052209
70024206
70053657
70053659
70053658
70053656
70052666
70024207
70053562
70055002
70055003
70054264
70024642
70024659
70024643
70024205
70054976
70054967
01230307
01230277
01230308
01230288
01230280
01230281
01230289
01230282
01230283
70052897
70025045
01250220
01250221
01250222
01250226
01250223
01250237
01250235
70052621
51032415
52100149
52100148
70260098
51021063
70052883
51021062
51021077
51021060
51021078
51021082
70053403
70053404
70053405
70053407
51021070
51021064
51021085
51021086
01230389
01230388
01230387
01230386
01230385
01230384
01230383
01230382
01230381
01230380
70053053
C8030025
51021068
51021069
51021081
51021057
51021056
51021076
51032413
51031683
01230268
70052783
51032411
70024239
70052831
70052830
51031636
51031637
51031695
51031696
70052869
70052871
51031607
51031608
51031698
70052885
51031910
51031697
51031693
51031692
70053065
70053054
51031912
51031903
51031911
70053050
70053052
70053051
51021061
51031898
70052870
70052781
51031699
70052786
70052787
70054587
70054586
51031899
51031913
70053035
70052896
70052898
70053033
70053032
70053034
70053029
70053031
70052779
70052780
51031606
50030094
50030097
50030104
50030106
50030107
52110091
52110094
52110097
52110096
38050380
38050376
38050377
38050379
38050378
38050381
86030005
86030009
01230269
01230266
50010389
50010398
70054585
70052899
70052627
C5030018
C5030014
C5030020
C5030029
C5030022
C5030012
C5030016
C5030025
C5030027
70052876
B4030020
B4030017
B4030019
51031896
51031897
51031687
51031638
70024240
51021058
70023961
70052624
70023956
70052804
70052826
70023955
70052625
70023966
70052805
70052795
70052792
70023960
70023959
70052794
51031613
51031682
51041049
51041048
70023965
70023963
70023964
70052801
70052623
70052799
70052827
70052825
51031614
51031612
70023954
51031611
70025090
70055294
70055296
70055295
01230267
01230271
01230378
01230377
C7010025
C7010023
C7010045
C7010027
C7010022
C7010024
C7010028
02059949
02059950
70053316
51021110
51021044
51021154
51021155
51021033
51021046
51021030
51021043
51021045
51021042
51021135
51021134
51021039
51021023
51021029
46020144
51021024
51021151
51021152
51021150
51021132
51021027
51021028
51021148
51021146
51021153
01240132
01240131
01240130
01240141
51021049
01250269
01250268
01250267
01250266
01250265
01250264
01230390
38050339
51021048
51021047
51021133
51021038
70053312
02056427
52110090
52110103
52110105
52110104
38080214
38080209
70022751
70022754
01240099
70024110
C8030020
C8030022
C8030019
C8030024
C8030021
C8030023
C8030030
C8030028
C8030027
C8030032
C8030029
C8030031
C8030053
C8030054
C8030040
C8030069
C8030066
C8030037
C8030068
C8030067
C8030071
C8030070
51021025
52100151
54080166
93020023
C5040072
C5040073
C5040075
C5040074
70055261
C8030012
C8030009
C8030016
C8030010
C8030013
C8030015
C5040091
C5040089
C5040097
C5040083
C5040087
C5040096
C5040088
C5040095
C5040092
C5040094
C5040086
C5040084
C8030007
C8030074
C8030006
C8030005
C8030072
C8030008
C8030073
52100219
52100217
52100157
52100154
52100159
52100155
52100164
52100218
52100215
52100160
52100163
52100168
52100166
52100165
52100167
C8040055
C8040053
C8040054
C8040056
C5040049
C7010071
C7010068
C7010070
C7010069
C7010067
C8030047
C8030045
C8030046
C8030044
C8030043
52100184
52100183
C8050070
C8050071
C8050072
C8050073
C8050074
C8050075
C8050076
C8050077
C8050078
C8050079
C8030089
C8030132
C8030082
C8030128
C8030083
C8030088
C8030130
C8030084
C8030131
C8030085
C8030129
C8030086
C8030087
C8030133
C8030091
C8030090
C8030126
C8030122
C8030092
C8030093
C8030124
C8030094
C8030125
C8030095
C8030123
C8030096
C8030097
C8030127
89010023
51032417
51032414
51021161
70052788
51050124
70052791
70052789
70052879
51050125
51021071
70055167
70055164
70024975
70055174
70024972
70055158
70055169
70055168
70024973
70055162
51021074
51021073
70053041
70024132
01230464
70055098
51050138
70055052
51021162
51032412
51050123
70055172
70055171
70055173
70055157
70053418
70053408
01230317
70052828
70052829
70024133
70053415
70052877
70024021
51050139
70053066
70052790
51050141
70052874
51050137
70053067
70055175
01250210
70052773
70054284
70055150
70055147
70024969
70024971
52100059
64020311
64020312
64020317
64020313
64020314
51031836
70024599
51032423
70053926
70024392
70024391
70024731
70024724
70054770
70054281
64020309
51031804
51031808
51031809
51031802
51031805
64020432
64020431
64020435
64020430
51031803
70054296
51031807
51032122
51032425
70024214
70024215
70024217
51032466
51032467
51032468
70053706
70024611
70054299
70054504
70054503
51032464
51032465
51030048
70024414
51031806
70051451
51032238
63020140
51032273
51032240
51032243
51032239
51032274
51032260
51032275
51032261
51032221
51032284
51032222
70024212
70024211
70053705
51032424
70024411
51032422
70054768
70054767
51031845
51031844
51031846
38031433
64020365
64020379
70053983
70024459
70054491
64020396
70053924
70053927
70024460
70024458
51031171
51032421
64020324
70054089
63020127
63020129
63020167
70054465
51032127
51032132
51032133
51032134
51032135
70054193
51041678
51032294
51032295
63020156
51032433
64020447
64020448
51032130
51032129
70054949
70054948
70054013
70054015
63020128
63020168
64020385
64020361
64020386
64020359
64020360
70054301
51032174
51032252
51032253
51032249
51032248
51021251
70053753
70053245
70053754
70054190
70054950
70053244
B8010011
B8010009
70053248
B8010010
51032234
51032236
63020108
63020109
51032290
51032247
51032244
51032291
51032292
51032293
51032246
51032250
51032035
38031024
51041697
51041265
70054723
70054183
70053868
70024389
70053867
70024388
B8010008
51032251
38031649
63020130
70053243
51021565
51041677
51032126
51041839
70041769
70041771
51032142
70041770
70041772
51032223
63020123
63020170
51032176
51041708
51041829
51041855
51041856
51032139
51032140
51032141
51032138
51032137
51041752
51041128
51032230
51031156
C1010020
C1010021
97010005
51041767
70053997
70024190
64020443
64020444
64020445
64020468
64020467
51032469
70024456
70053778
51041386
51041385
70053550
70024187
70053206
70053686
70053549
70053548
70024256
70053319
70053320
70024145
70053447
51032439
51030970
70054851
70054085
70054087
70053991
70054496
51032286
51041742
01225140
70054243
51041689
70024738
70024249
70024243
51032227
70024368
70024367
70024358
70053800
70024359
70024370
70053805
70024366
70024365
70024369
70053804
51032232
51031977
51032231
51032226
70054054
70054053
70054055
70024525
70024524
70024526
70053759
70053757
70054413
51032442
51032228
51032444
51032443
70054867
70054866
70054869
70054870
70054868
70053321
70024312
70024310
48010189
70053700
38031557
70024279
70053699
70024451
70024278
70053701
70053702
51041771
70024189
70024188
70054086
51032149
70054214
51032147
51041696
51032146
70024834
70024468
70053988
70053993
51021562
51021563
70024870
70053698
70024541
70024777
70053777
70054196
70053727
70054186
51032128
70054191
70054192
51032131
70054194
70054174
70054195
70054173
97010004
97010003
70054862
70054712
70024717
70054711
70054858
70054859
70053202
70053667
70054182
64020465
64020466
70053704
70053668
70054240
70054242
70054432
70054433
70054435
70054241
70053665
70054005
70053697
64020412
64020413
70053664
64020415
64020416
70053990
70053133
70053682
48010187
51032198
51032345
51050156
63020146
51032346
63020145
63020150
63020151
51032076
C1010022
C1010028
C1010024
C1010025
C1010026
C1010023
C1010027
C1010029
C1010033
C1010032
C1010030
C1010031
97010002
70024244
70024246
50010233
51041127
51041126
51041125
54080162
54080164
54080163
38031468
38031471
54080090
38031454
38031543
51032052
48010195
73030013
73030015
63020096
51031812
73030014
73030017
70052947
51031842
51031843
51032119
70053609
94020012
70053755
51032136
51032113
51032114
50010382
70024739
70054782
70024842
C3010054
C3010060
C3010059
C3010058
C3010057
C3010056
51031827
70054169
64020429
51031840
70053431
64020436
64020437
64020442
64020440
64020441
64020439
54080116
70053952
70054202
63020158
63020157
54080118
64020428
64020446
64020424
54080117
51031839
54080113
70024213
51032337
70024390
54080194
48010253
48010251
48010254
48010250
48010252
48010255
48010249
48010247
48010248
51021271
51021559
51021558
51032197
51021556
70023493
51041077
64020334
64020333
64020340
02022209
70050166
51032215
51032285
51032283
51032195
01225029
01225139
01225138
70051546
51041772
51041670
70024208
70024209
70024153
51032427
51032428
51032430
51032429
70054781
70053951
94020013
70024159
70053448
70024800
64020302
64020301
51032410
51032408
64020367
51031826
51041539
51031847
51031848
70052994
64020397
54080114
70053980
70024494
70024426
51031849
54080112
70053979
70022953
94020016
94020014
70054291
70053446
54080115
01225023
01225024
51041770
70054014
70024234
51031548
51041695
C3020081
C3020099
C3020082
C3020085
C3020083
C3020084
70024172
70024273
70024274
70024170
70024272
63020133
51032120
70024495
70054172
70054171
63020102
63020101
64020389
64020391
64020392
64020350
64020351
64020354
64020352
64020355
64020353
94020017
70054181
70054184
70053891
70024393
70024394
70053892
70053894
70054823
70024755
70054710
70054709
70054708
70054704
70054706
70054857
70054705
51021262
51021266
51021270
01224990
51032438
C3010039
70054004
C3010038
C3010041
70053605
70053672
C3020078
C3020080
C3020074
C3020076
70054860
70053673
70053167
70054430
70053685
70053532
70053612
70053610
70053531
70053611
70053671
64020417
C3020086
C3020075
C3020077
70053866
70054007
70054348
48010243
48010244
48010245
48010246
51032241
51032196
51032440
63020166
99010007
99010010
99010011
99010009
99010008
51032115
51032242
70053005
51031810
38030928
70024169
73030008
73030007
70024275
73030011
C3020092
54080205
52100176
52100175
52100177
54080109
54080108
54080110
51041766
54080107
51041840
A1030010
51041807
54080111
54080144
70053274
70053275
70053270
70053269
70053276
70053273
70053271
01225128
64020316
64020315
64020310
51041270
51041269
48010111
48010108
01225097
01225099
01225100
01225129
01225134
01225135
70053204
51032066
51032064
51032065
48010113
48010114
48010117
01225095
01225130
01225131
01225132
01225133
70054682
70054683
70054684
70054685
70054686
70054687
70054688
70025043
51032409
63020154
70024727
70054775
70054769
70024728
70054774
70024726
B8010012
B8010015
70024979
B8010016
64020433
64020434
51031760
51031796
51031801
51031800
51031797
51031799
51031798
51031794
51031795
70024198
51031749
51031751
70053556
51032025
70024957
64020508
51032259
51031814
51031813
70054824
70053535
70024729
70024730
70054773
70024725
51031828
64020303
64020304
51031759
70053816
70052525
70024174
51031757
51032022
64020485
64020495
64020494
70024796
B8010004
70024233
70053603
51041747
63020155
70054952
64020522
70053600
70053602
70053606
70053601
70053604
51032027
51031785
51032019
51031732
51031733
51031731
70054771
70053247
B8010007
70053246
51032024
51032037
51031781
51031783
51032020
51031782
51031784
51031788
51032036
51032023
51031793
51031786
51031787
51031780
51032021
51032288
B8010013
B8010014
51041263
51041264
70055138
70024955
70054743
70054742
70054741
70055260
51032018
51032017
51021100
51021099
51021097
51041035
51041036
64020318
51021094
51021088
51021095
51041865
51041863
51032143
51041864
51041870
63020178
51021106
51021125
51041262
51041680
64020300
70055107
70054820
70024997
70024996
64020500
64020505
64020504
64020503
64020501
64020502
70055108
70024307
51032266
70055109
51032267
70024939
70054462
70024938
70024937
70054463
51032262
51032263
51032264
51041714
51032265
70055123
70055124
70024951
70055125
70025086
70025085
63020141
64020511
64020512
64020510
70055221
51041866
70055126
70024952
70025041
70024735
70054783
70024736
51031978
51031979
51031983
70024308
51041261
01225025
51041219
70054382
70055097
70054791
70054790
70024835
70054792
70054795
70024743
70024741
70054794
70054793
70024740
70024836
63020100
70024737
70025076
70025078
C1010008
C1010003
C1010007
C1010010
C1010005
C1010006
70024742
51041272
51041271
51032070
51032071
51041273
51031986
51031985
51031980
51031981
51031976
63020098
70055121
70054732
70053895
70054729
70055220
70055007
70054714
70055122
70055120
64020472
64020471
64020473
70053250
C1010015
C1010011
C1010016
C1010012
70053752
70053251
70053249
C1010018
51031950
51031954
51031955
51032278
51032277
51032279
51032077
51041218
70055076
64020469
64020521
97010001
64020401
51041748
51041199
51041200
51041832
51041756
51041753
51041754
51041830
51041755
47010840
47010862
51041822
51041838
63020079
C3020100
64020342
51031815
51031816
51031930
63020078
63020083
63020080
63020082
63020084
63020076
63020077
63020085
63020081
51031811
C3020072
C3020069
C3020071
C3020073
C3020070
C3020125
51032434
63020112
63020111
63020153
63020113
64020402
64020403
64020484
C3020062
C3020068
C3020066
C3020101
C3020063
C3020067
C3020065
C3020064
63020110
63020136
63020135
63020134
63020162
63020177
C3020105
51031837
C3010018
C3010017
C3010023
C3010021
C3020122
70024732
70054778
70054779
70054777
70054780
70054776
70024734
70024733
70025025
70025027
70024905
70024906
70024907
70025000
70025001
C3010055
C3010053
C3010052
C3010050
70025065
70025066
51031841
51041095
51041094
51031958
51031957
51031838
51031835
51032118
51031745
48010279
99010002
99010003
99010004
99010005
99010006
64020509
C3020129
C3020128
C3020126
51032271
70023873
51031748
51032121
70054170
51041113
51041258
51041711
70023876
51041738
51041093
70052955
C3020102
C3020110
C3010046
C3010047
C3010048
C3010049
C3020123
C3020111
C3020109
C3020112
C3010045
70025063
C3020087
C3020091
C3020090
C3020095
C3020096
C3020097
C3020089
C3020088
C3020098
C3020093
C3010032
C3010036
C3010034
C3010037
C3010033
C3010035
94020019
94020010
94020008
70055223
70024719
70054730
70024718
70025039
70055140
70024958
70054731
51031736
51031735
51031737
51031740
51031738
51031739
51021264
C3010051
C3010042
C3010040
C3010044
70053182
C3010025
C3010024
C3010029
C3010027
C3010026
C3010028
C3010043
70053192
70053193
51032047
51032042
51032029
51032050
51032051
51031791
51032043
51032041
51032046
51031790
51032049
51032040
51032048
51032045
51032282
51032272
51032044
51032116
51032117
51031792
51032038
C3020104
C3020119
C3020107
C3020106
C3020124
C3020117
C3020121
C3020118
C3020120
64020486
64020487
C3020103
C3020108
C3020094
73030020
73030018
73030019
73030021
51021096
51041107
51041106
51041015
51041016
51041116
51041114
51041115
51041751
51041051
51021109
51041869
63020174
51041860
51041837
51041836
51021104
51021103
D3010058
D3010059
01225089
01225085
51031473
01220467
51021114
51031658
51031704
70052811
70023794
51021115
51021202
51021128
70023769
70023740
70052077
70023741
70051818
70052057
48010261
48010263
48010260
48010258
48010265
48010256
48010264
48010257
51031654
70052913
70052914
38031478
38031434
38031457
51031453
70052921
51021118
51021117
51041046
51031622
70052815
70052814
70052813
51031623
70052778
70052812
70052905
51031620
51031652
51031707
51031647
51031705
51031646
70052920
51031650
51031621
70052916
70052907
38050410
38050412
38050419
38050421
38050406
38050403
38050395
38050394
38050434
C5030048
C5030047
C5030049
C5030050
C5040020
C5040021
C5040023
C5040035
C5040022
C5040025
C5040024
C7010047
C7010046
C7010048
C7010049
C8030076
70053712
51031924
51041159
01050709
01050710
B4030027
B4030022
B4030028
B4030031
B4030030
B4030040
B4030024
B4030023
B4030026
B5010025
B5010022
B5010024
B5010023
B5010027
B5010020
B5010019
B5010016
B5010018
B5010017
B5010021
B4030021
B4030029
B5010026
51041205
51041794
51041791
51041795
51041796
51041792
51031570
51041129
51041130
51041140
51041141
51041137
51041139
51040767
51041257
51041166
51041172
51041167
51041168
51041165
51041171
51041170
51041169
51041052
51041053
51041054
51041031
51031589
51041030
51041206
51041208
51031573
51031574
51031569
51031572
51031571
51041138
51041136
51041133
51041135
47010578
51041255
51032026
51041027
51041028
51041029
70054030
70054209
70053987
70053985
70053995
70053989
70024463
70054091
70053996
70054092
70054094
51031278
51032303
51032302
51041161
51041162
51041012
51041013
51041279
51041277
51041278
51041276
51041275
51041010
51041009
51041011
51041745
B4030032
B4030034
B4030033
B4030036
B4030039
B4030038
B4030037
B5010028
B5010030
B5010029
B5010031
B5010033
B5010032
52100212
52100211
01230360
01230364
C5030051
C5030054
C5030057
C5030059
C5030055
C5030056
C5030052
C5030058
C5030053
C7010050
C7010055
C7010053
C7010052
C7010054
C7010051
C7010056
70024057
70024466
70024464
70024112
70052487
01230316
01230315
51020773
51020718
51020709
01230459
02030063
70023942
70023944
01230239
93020017
51041158
51041155
51041156
51041749
51041148
51041149
51041096
51041097
51041063
51041060
51041181
51041183
51041185
51041184
51041182
51041179
70052912
51041176
51041164
51041146
51041280
51041175
51040805
51041022
51041660
51041661
51041659
51041274
51041062
51041061
51041056
51041055
51041026
51041664
51041173
51041174
51041070
51041111
51041195
51041808
51041108
51041188
51041154
54080198
54080199
54080200
51041047
50010377
53021091
51041679
63020173
51041828
51041302
51041300
51041303
A8020012
A8020014
A8020007
B1010014
50010383
51041669
51041668
51041685
51041684
51041671
51041862
51041080
B1010018
B1010015
B1010019
B1010016
B1010017
B3010008
51041667
63020107
51041674
51041743
51041744
51041861
50010596
50010594
50010595
51041688
B3010009
B3010007
B3010011
B3010010
50010307
50010381
51041741
63020124
63020125
63020152
51041301
A8020002
51041189
51041215
51041718
51041719
51041260
51041190
51041201
51041704
51041705
51041750
51041202
51041203
51041204
51041213
51041211
51041209
51041210
51041214
51041693
51041739
51041672
51041694
51041700
51041698
51041702
51041699
51041703
51041701
51041082
50010597
50010599
50010598
50010372
51041157
51041192
51041191
93020033
93020034
93020035
93020032
93020031
70052900
50020184
52100190
52100188
52100189
38050442
38050443
52100142
52100143
52100171
34015319
65010034
24990090
70054943
70054944
70025051
70024657
70024627
51032364
70024118
51050148
70024121
51050146
51032478
51032340
70024779
70024317
51032334
70024764
51031472
70053410
51050149
70054766
70054765
70024874
70024876
70054855
18090143
70055018
70054816
18070253
51021111
51031659
51021245
51021256
51031639
51020723
51021124
51021034
51021035
51021157
51021240
51021564
51041217
51021244
51041259
51020645
51041067
51021257
51021258
51021272
51021242
51021246
51021247
51021255
55080119
55060033
55060034
55060035
55060036
55060037
55060038
55060039
55060040
55100280
55100281
55100282
55100283
55100284
55100285
55060012
55100286
55100287
55100288
55100289
55100290
55100291
55100292
55100293
55100294
55100295
55100296
55100297
55100298
55100299
55100300
55100301
55100302
55100303
55100304
55060017
55100257
55100261
55100262
55100265
55060075
55060074
55060072
55060073
24990079
24990080
24990081
24990082
24060021
24990084
24990085
24990086
24990088
55100248
55060085
55060014
55060031
55060025
55060024
55060081
55060023
55060027
55060030
55060029
55060021
55060022
55060057
55060067
55060058
55060086
55060084
55060062
55060059
55060065
55060070
55060015
55100035
34015512
55070007
34015417
55100208
55100251
55100277
55100278
55100274
55100254
55010221
55100209
55100150
55060019
55110053
55100207
55060050
55060051
55060052
55060054
55060056
55060043
55100144
55100145
55090110
55100148
55100149
55100147
55090111
55090109
55080089
55100097
55100093
55100185
55100173
55100186
55100195
55100157
55100187
55100181
55100178
55100179
55100169
55100170
55100171
55100172
55100166
55100188
55100229
55100226
55100218
55100223
55100224
55100225
55100227
55100217
55100192
55100189
55100191
55100190
55100216
55100222
55100230
55100231
55100193
55100194
55100182
55100180
55100177
55100215
55120030
55120029
55120031
55020109
55120027
55120028
55020138
55020143
55020152
55120019
55020142
55020147
55090134
55080116
55090136
55100167
55090127
55100168
55090128
55090129
55090130
55090101
55090131
55090132
55090133
55120033
55120032
55070105
55070102
55070103
55070065
55040136
55040137
55040139
55120025
55120023
55120022
55120020
55120021
55080108
55080107
55080109
55080117
55080115
55080111
55080095
55080092
55080088
55080100
55080102
24060022
24060023
24060024
24060025
51041785
77030090
77030087
77030058
77030088
77030089
77030069
77030070
57030105
77020077
77020076
77020059
77020060
77020086
77020074
77020075
77020072
77020073
77010027
77010030
77010028
77010033
77010029
77020068
57010080
77010017
77010021
77010023
77010024
77020047
77020070
77020071
77020038
77020039
77020040
77020041
77020042
77020043
77020044
77020045
77020046
77020048
77020049
77020050
77020051
77020052
77020053
77020054
77020055
77020056
77020067
77020069
77020065
77020064
77020063
77020080
57010056
77010018
77010006
77030096
77030049
77030047
77030050
77030048
57030106
77030098
77030077
77030085
77030022
77030075
77030030
77030035
77030045
77030040
77030042
77030043
77030044
77030062
77030054
77030055
77030086
77030065
77030068
77030066
77030095
77030099
77030059
77030060
77030061
77030063
77030092
77030064
77030097
77030071
77030091
77030078
77030079
77030094
77030080
77030072
77030074
77030081
77030073
77030076
77030093
77010034
77010036
77010035
77020087
77020088
77020089
77020084
77020082
77020085
77020083
77020015
77020026
E1020004
E1010002
E1010006
E1010009
E1010004
E1010007
E1010010
E1010005
E1010008
E1010011
E1010012
E1030014
E1030015
E1030016
E1030017
E1030019
E1030023
E1030020
E1030021
24130032
24130039
24140045
24140043
24140044
23100002
23150001
23150003
23150004
70024058
70023781
44010070
44010071
44010072
44010073
44010074
44010075
44010076
44080149
44080088
Z1010005
Z1020004
Z1010006
Z1010007
Z1010008
Z1010010
58010083
58010084
58020033
06050306
51041142
C5020021
78010176
78010177
75012136
75012158
75012137
75012150
75012138
75012139
75012159
C5020027
75012141
75012134
75012142
D4020017
47010130
47010129
47010128
47010127
47010126
47010124
47010123
47010122
47010121
47010120
47010119
34015661
53021183
10040009
47010501
05080219
93010008
93010009
78020003
78010249
53020785
Z6010041
93010007
54060038
45051484
45051442
45051446
45051445
53021115
38040308
45051510
45051508
78010140
Z6010046
78010202
78010222
78020044
78020046
Z6010029
78020043
78020047
78020048
78020045
78020057
Z6010040
78020055
78010138
78020054
Z6010039
78020013
78020036
78020037
78020035
78020018
78020025
78020012
78020014
78020011
78020017
78020004
78020005
78020006
78020008
78020007
78020021
78020023
78020010
78020009
78020019
78020020
78020022
78020024
78020016
78020029
78010067
78020028
78010068
78020034
78020027
78020038
78020039
78020042
78020040
78020041
Z6060035
78020033
Z6060032
Z6060031
78020051
78020050
78020049
78020053
Z6060030
Z6060029
Z6060036
Z6060020
Z6060015
Z6060016
Z6060011
Z6060002
Z6060019
Z6060004
Z6060001
Z6060018
Z6060007
Z6060008
78020059
78020063
78020064
Z6060003
Z6060005
78020062
78020061
Z6060006
78020060
Z6060009
Z6060013
Z6060010
Z6060021
Z6060022
Z6060033
Z6060027
Z6060039
Z6060034
Z6060026
Z6010027
Z6060014
Z6060048
Z6060028
Z6060025
Z6060024
Z6060077
Z6060057
Z6060040
Z6060041
Z6060042
Z6060088
Z6060053
Z6060049
Z6060047
Z6060044
Z6060050
Z6060081
Z6060046
Z6060056
Z6060043
Z6060054
Z6060071
Z6060055
Z6060076
Z6060052
Z6060045
Z6060083
Z6060079
Z6060073
Z6060070
Z6060075
Z6060074
Z6060051
Z6060080
Z6060078
78010044
Z6060072
Z6060087
Z6060082
Z6060089
Z6010049
Z6010050
Z6010058
Z6060063
Z6010048
Z6060065
Z6060059
Z6060068
Z6060067
Z6060060
Z6060069
Z6060062
Z6060066
Z6060064
Z6060061
Z6060058
Z6060084
Z6010042
Z6010043
78010142
Z6010025
Z6010026
75012054
Z6010037
Z6010036
78010159
78010023
78010046
78010032
78010003
78010123
78010022
78010061
38040342
78010088
38040343
38040344
78010090
C8020017
78010126
78010089
78010021
78010006
78010209
78010214
C8010002
C8020028
78010087
78010030
78010019
78010059
78010018
78010020
78010057
78010056
78010215
78010058
78010208
78010055
78010111
Z6010038
78010124
78010217
Z6010009
78010212
78010218
Z6010013
78010052
Z6010052
Z6010053
Z6010051
C8020007
C8020026
C8020029
78010143
C8020010
C8020006
C8020008
78010069
Z6010001
Z6010005
75012019
Z6010044
C8020011
78010147
78010148
78010149
45140196
45140206
45140207
45140208
45140209
45140210
45140195
45140211
45140150
53020795
75012122
53020955
45140142
45140141
45140140
54080094
53021081
53021140
75012199
75012201
75012123
53021112
53021141
45071948
75012186
75012183
75012184
53020872
53021161
75012120
75012121
53021076
45140176
75012187
53021163
53021196
45140143
45140144
45140145
45140148
45140175
53020953
75012124
45051487
45051485
45050808
45051478
45051476
45051479
45051480
75012151
75012130
75012081
75012132
75012131
75012181
75012180
53021116
53020619
53020796
53021082
53020902
53020910
53021015
45140193
45140194
45071790
45140091
45140093
45140094
53020464
53020466
45140073
45051504
45051503
78010092
45051502
45051505
75012191
75012193
45051500
53021173
45140116
45140120
45140118
45140121
45140177
45140197
45140198
45140199
53020980
75012182
75012116
53021106
45071476
45071477
53021119
53020760
75012228
75012188
75012189
75012190
45140153
75012086
75012165
75012167
75012056
75012164
75012197
75012202
75012185
75012156
75012155
75012195
75010005
75012209
75012007
86020014
86020015
75012221
86020016
86020017
75012222
75012196
75012153
75012204
75012039
75012026
75012027
75012038
75012025
75012036
75012058
75012100
75012157
75012055
78010205
75012152
75012166
75012125
75012126
75012127
75012061
75012062
75012129
78010071
75012076
75012079
75012101
75012074
75012128
75012005
75012002
75012220
47010580
53021181
53021179
47010754
53020874
51041818
47010755
47010756
47010712
47010773
47010582
47010710
47010581
51041819
53020984
53021165
51041817
47010711
53020727
53020999
53020830
50010409
50010410
50010411
50010247
53020754
53021167
53021017
47020060
47020061
47010659
47010660
47010661
53020757
53020753
53020832
53020755
53020756
34015426
45140128
45140129
76011051
76011036
76011055
76011053
76011054
76011037
76011056
76011057
76011058
53021114
76011052
76011068
76011060
76011059
76011042
76011049
76011040
76011041
76011046
76011047
76011050
76011048
76011020
76011045
45140095
76011044
76011039
47020058
C8030059
C8030060
C8030061
47020056
47020057
53021204
47010723
76011019
47010724
76011061
76011062
C8040073
54040012
78010248
78010250
78010239
78010240
47010529
47010528
45071583
45071576
45071578
45071581
45071579
45071575
45071582
45071580
45071577
53020647
53020772
78010141
78010242
46020212
46020214
89010002
46020215
46020213
53021030
78010243
46030140
45051335
78010241
46030142
46030143
78020031
78010192
45051481
53021151
53020781
53020780
78010268
53021178
53020983
53020786
53021041
53021109
78010132
75012064
78010131
45051483
45051482
76011038
78010203
78010204
78010257
78010259
78010261
78010005
45051113
45051291
45051440
78010113
45051441
45051443
78010110
45051450
78010114
45051448
78010169
78010168
78010004
38040337
C8020048
38040338
38040339
38040340
38040341
C8020039
C8020004
78010160
78010173
78010193
78010076
78010136
Z6010010
78010054
78010171
78010172
78010213
78010255
78010150
78010194
78010216
78010195
78010174
78010211
Z6010012
78010119
78010196
78010197
78010162
78010198
78010199
78010200
78010166
78010201
78010207
78010163
78010272
78010226
78010227
78010271
53020797
53020969
53021010
53021011
Z6010024
78010267
78010108
78010106
C8020020
Z6010002
78010156
78010077
Z6010003
Z6010004
78010269
78010252
78010258
53020783
53020784
53020782
53020971
78010009
78010010
78010266
Z6010022
53020918
C8030062
C8040057
C8040058
C8040059
C8040060
53021100
53021102
53021101
53020771
78010244
38070140
45051439
C8020046
C8020037
C8020040
C8020038
C8020044
C5040059
C5040058
C5040055
C5040057
C5040056
C8020042
C8020043
C8020041
C8020045
52090269
93010019
93010014
93010016
93010015
93010017
52090206
C8040075
C8040074
C8040071
C8040072
53021080
53021084
53020994
76011014
53021083
47020050
53021191
53021142
76011017
76011015
76011016
53021177
76011028
53021186
76010003
76010002
53020871
47020053
53020973
53021079
53021014
47020052
45071803
53020911
53021054
76011025
53021053
53021135
76011012
76011003
45051453
76011033
76011034
45051447
45051449
45051451
45051308
76011007
76011006
76011005
76011010
76011009
76011008
76011035
76011032
76011026
53021192
45140189
45140188
45071788
45071789
53020758
76011027
76011002
76011029
76011030
53020966
53020963
53020964
53021108
C7010074
C7010073
53020759
53020719
53021118
47020049
47010553
47010554
C7010072
C7010075
53021113
53020967
45140124
38040346
38040347
38040348
78010028
45051468
45051467
53020775
53020888
53020761
53020876
53020885
45450062
53020880
53020879
45051249
45051386
45051471
45051472
45051474
45051475
45051473
75012030
75012033
47010527
47010524
53020789
53020788
47010499
47010500
47010502
53020791
53020790
47010525
47010526
53050030
45140220
53020877
45140123
45140127
45071109
50010513
50010514
50010516
50010517
45450068
45450069
45450067
45450066
45450070
45450065
78010002
45050878
78010026
45051057
45051296
45051339
45051341
45051379
38040345
45051464
45051461
38040275
45051101
45051469
45051466
53020857
47020019
53020856
52090201
93010020
54060022
53020762
53020787
45051462
45051463
53020883
53020882
53020881
45051459
45051431
53020887
53020765
53020766
53020768
53020767
53020773
A4010005
A4010004
A4010003
A4010006
53020890
53020764
53020912
78010260
50010313
45071864
53020691
47010708
47010686
45071865
63030065
63030069
45071891
45071893
45071892
45071894
45071366
47010428
47010424
47010423
47010426
53021058
53021157
53021156
53021155
04020217
53021018
45071845
64030153
45071855
45071844
47010490
53021020
53021019
53020801
47010685
47010707
53020803
53020804
53020802
53020800
53021168
47010833
53021107
45071842
45071917
45071920
53021089
05024197
53021090
53021154
53021123
45071867
45071868
45071498
45071500
45071574
53021064
53021065
53021066
64030130
64030127
53021046
53021169
64030068
53021095
53021096
64030129
64030128
45071951
53020851
53021143
53021067
04020325
47010815
64030163
53021071
63030063
63030068
63030067
63030064
53021045
47010687
47010688
47010690
47010731
47010730
53020852
53020850
64030132
64030155
64030147
50010273
47010857
47010858
47010856
47010768
47010750
47010809
47010692
47010706
A8020006
A8020009
A8020005
A8020010
47010709
45070989
45071832
45071834
45071889
45071850
45071836
45071798
45071797
45071851
45071838
45071852
45071963
45071961
45071898
45071839
45071956
45071981
50010577
45071960
50010579
50010580
50010581
45071035
64030106
45071927
64030145
47010718
47010719
47010844
47010841
47010842
47010843
47010689
47010748
47010749
47010695
47010696
47010697
47010698
47010727
47010728
47010701
47010729
51041706
47010738
47010739
47010846
47010830
47010828
45071843
45071979
47010819
47010634
45071648
45071647
45071645
45071854
45071853
B1010002
B1010006
47010715
45071658
45071826
45071821
45071818
45071819
45071817
45071978
45071875
45071877
45071871
45071872
45071980
45071874
45071870
45071950
45071876
45071848
45071975
45071973
45071976
45071977
45071974
45071841
45071810
45071869
45071840
47010404
47010607
45071918
45071919
45071923
53021152
53021057
47010682
45071289
45071908
45071669
45071665
53020538
45071738
45071736
45071737
47010772
47010770
47010771
47010769
47010829
47010832
47010700
53021013
53021012
53021037
47010454
53020976
53021075
53021133
53020990
53021134
53020992
53020991
53021130
47010817
47010827
47010824
47010825
47010826
84010032
84010033
50010289
50010294
B1010021
B1010022
B1010020
47010550
47010552
47010549
47010551
47010740
47010575
45071596
45071594
45071593
45071595
45071655
45071828
45071692
45071693
45071827
45071829
45071168
45071814
47010714
47010713
B1010003
B1010005
B1010001
B1010007
47010595
50010290
52090040
54060020
47010633
45071642
45071903
45071523
B3010020
A1010002
B3010003
B3010004
B3010001
B3010002
B3010005
B3010006
53021033
53021034
53021160
54080056
45071806
64030151
64030149
64030148
64030150
64030154
45071809
45071807
53021185
45071955
53020516
64030136
64030137
53020580
45071064
45071325
45071922
45071921
45071936
45071937
53021036
53021035
47010680
45071823
45071849
45071899
45071757
45071879
45071881
45071880
54060031
53020847
54060032
54060030
63030079
53021184
45071804
53021052
45071982
47010334
73010008
45071339
45071667
45071808
45071732
45071805
53020987
53021068
53021069
64030123
64030124
53021038
53021044
47010684
47010683
45071741
45071740
53021077
53021078
53021145
53021146
53021144
53021153
53021127
53021047
53021124
53020863
73010009
47010816
64030135
53021131
47010804
47010802
47010805
63030078
53021070
47010632
94010008
53020853
45071847
53020368
B3010021
B3010022
B3010025
B3010023
47010746
A1010004
47010864
45071638
45071644
45071831
45071897
45071694
45071697
45071695
45071905
45071833
45071830
45071896
45071835
45071953
45071904
45071935
45071952
45071954
45071900
B3010019
54060018
45071822
50010584
50010582
50010587
50010585
50010583
50010586
45071517
45071820
45071816
45071825
45071824
45071815
45071212
45071188
45071186
47010765
47010766
47010764
47010767
A1010003
50010261
50010264
45071699
50010456
45071698
45071811
45071235
50010471
50010497
54060013
54060014
45071846
64030133
45071701
45071702
45071700
45071799
64030171
53020978
53020979
53020868
53020869
64030113
47010589
47010590
45072004
45072005
53021088
53021085
53021086
53021087
45071629
53021158
53020900
53020730
45071604
45071606
45071605
45071603
45071636
53020898
53020894
53020893
53020896
53020892
53020895
64030131
53020870
53021099
53020837
53020836
53020860
53020861
53020834
64030164
47020054
47020055
63030066
45071782
45071707
45071706
45071622
45071704
45071705
45071708
45071866
64030105
64030104
47010547
47010511
47010512
47010510
47010513
47010514
47010515
47010508
47010509
47010623
A8020004
47010691
47010838
47010839
47010837
47010536
47010540
47010573
47010574
47010539
47010538
47010537
47010535
45071620
45071619
45071617
45071616
45071631
45071632
45071756
47010530
47010567
45071837
45072000
45071560
47010863
63030061
45071717
47010561
63030060
63020126
47010562
47010779
47010845
45071916
45071660
45071657
45071661
45071659
45071878
45071985
45071863
45071862
45071860
53020956
47010617
47010599
47010600
45071600
47010613
45071749
53021043
45071673
45071666
53021072
53021073
53021074
53020920
53020919
53021129
53020913
53020957
53020949
53020948
53020950
53020923
B1010023
47010625
47010608
47010583
47010584
45071780
47010601
47010604
47010606
47010602
47010605
45071909
45071911
45071910
47010705
47010734
47010792
47010788
47010787
47010786
47010790
47010791
45071712
45071715
45071716
45071714
45071713
45071750
45071597
45071599
47010627
47010626
45071931
45071765
45071764
45071997
45071934
45071907
45071786
45071794
45071933
45071932
45071946
45071992
45071886
45071882
45071906
45071884
45071885
45071883
45071873
45071958
45071991
45071968
45072003
45071969
05024198
47010774
47010776
47010777
47010778
47010814
47010810
47010811
47010812
47010823
47010822
47010821
47010820
45071928
45071929
45071802
47010592
47010593
47010834
47010835
47010836
47010594
47010610
47010612
47010611
53020954
64030139
53020907
63030057
63030046
63030047
47010732
64030126
53020901
63030058
63030048
63030054
63030055
47010624
45071639
63030049
63030053
63030052
63030050
63030051
64030143
B3010024
45071914
45071913
45071915
45071890
53021159
64030140
45071861
45071859
53020866
53021128
45071628
53021097
53020914
53020916
45071662
45071649
53020924
45071678
45071677
45071971
45071972
45071970
45071986
45071987
45071989
45071990
53021040
47010681
53020738
53020917
53020915
45071623
45071625
45071624
45071626
53020858
45071610
45071670
45071633
45071634
64030122
64030134
53020855
53020854
53021039
53021125
53021093
53021092
53021149
53021150
53020841
53020840
53020842
53020864
53020951
53020952
45071608
45071607
45071609
47010851
47010852
47010853
47010854
47010855
47010545
47010560
47010559
47010557
47010558
47010563
47010519
47010518
47010523
47010520
47010569
47010516
47010703
45071983
47010704
47010702
47010735
47010795
47010793
47010796
47010797
45071651
45071650
45071663
45071621
45071637
45071758
45071643
45071743
45071760
45071745
45071759
45071762
45071746
45071763
45071747
45071959
45072001
45071787
45071857
45071858
45071792
45071791
45071856
45071996
45071945
45071967
45071993
45071994
45071888
45071984
45071999
45071964
45071965
45071957
45071998
45071966
45191001
47010859
47010860
45071613
45071768
45071751
45071754
45071752
45071753
47010725
47010543
47010542
47010532
47010541
47010780
47010531
47010533
47010565
47010564
45071614
45071296
45071612
45071611
45071761
47010630
47010631
47010629
47010628
45071711
45071710
45071709
47010861
64030168
64030167
45071926
45071925
45071924
47010781
47010782
47010783
47010784
47010785
47010798
47010799
47010800
47010801
47010716
47010699
47010717
47010555
47010806
47010808
47010609
47010572
47010571
45071627
34015368
45071778
45071772
45071776
45071777
75012085
45050364
53021051
50010605
45460196
53020778
53020776
53020777
53020770
47010548
45071589
47020045
45071514
53020677
50010604
50010600
50010602
50010601
53020942
53020944
53020945
53020848
94010003
94010004
94010005
94010006
94010007
53020946
53020947
04020318
52090076
04020315
53021189
53021190
78010035
75012050
78010235
45071727
45071724
45071726
45071729
45071721
45071725
45071722
45071728
45071723
78010013
47010591
47010586
47010576
47010577
38040115
38040218
Z6010019
78010101
Z6010034
Z6010021
Z6010028
Z6010045
Z6010047
Z6010065
Z6010066
78010238
78010178
Z6010055
Z6010020
78010047
78010191
45051454
78010034
78010016
Z6010018
78010096
78010189
78010036
78010186
78010063
78010190
78010062
78010187
C5020022
Z6010030
Z6010032
Z6010031
Z6010035
38040328
45051455
78010085
78010084
45051457
45051458
78010086
78010066
38040356
C5020008
78010012
78010011
78010039
Z6010023
78010184
78010137
Z6010064
Z6010014
34015858
34015641
45071462
45071461
C5020026
75012145
75012144
45051122
75012080
75012216
38040354
38040350
38040355
38040360
38040296
75012070
75012051
75012069
75012071
C5020028
75012072
38040303
75012088
75012087
75012162
75012098
75012163
75012094
75012099
75012178
75012203
75012198
75012174
75012214
75012172
75012173
C5020004
75012154
75012206
75012105
75012104
75012022
75012041
75012023
75012024
75012176
75012226
75012169
75012168
75012224
75012223
75012109
75012110
75012175
75012177
75012179
75012217
75012218
75012219
75012048
75012049
75012106
75012014
75012044
75012111
75012092
75012012
38040349
38040359
38040357
38040358
75012013
75012045
75012016
75012043
75012112
75012010
75012073
75012102
75012118
75012119
75012001
75012115
75012103
75012149
75012146
75012194
75012042
75012140
75012133
75012096
75012063
75012200
75012037
45070509
45071895
47010745
47010747
47010847
45071720
45071719
47010667
47010668
47010669
45071266
D4020009
45071459
45071508
45071368
45071509
45071456
45071543
45071540
45071748
78010182
78010230
78010229
78010223
78010115
78010231
78010221
47010693
47010758
47010763
47010762
47010736
78010135
78010116
78010179
45051005
78010237
78010129
78010130
78010245
78010246
78010263
78010264
78010265
78010262
78010224
78010206
78010094
78010120
78010122
78010121
50010613
C8020012
50010612
C8020013
50010615
C8020014
50010616
C8020015
50010614
C8020016
78010014
78010185
78010103
78010015
78010017
78010188
78010118
78010274
78010220
78010234
78010236
78010282
78010225
45051456
78010183
78010180
78010181
47010619
78010037
78010041
78010127
78010128
78010040
78010104
78010175
78010251
78010232
78010007
78010219
78010042
51041746
47010737
78010008
47010759
47010760
47010757
78010233
75012011
C5020030
C5020031
C5020040
C5020041
C5020029
C5020032
C5020033
C5020034
C5020038
C5020035
C5020039
D4020002
D4020003
D4020004
45410020
45410019
B7010004
B7010003
B7010002
B7010001
C5020037
C5020036
D4020013
D4020020
D4020019
D4020014
D4020015
D4020011
D4020030
D4020028
D4020012
D4020010
D4010006
D4020005
D4020016
D4020018
D4020021
50010618
50010620
50010619
50010621
50010617
47010694
47010741
47010742
47010743
47010751
47010753
D4020024
47010579
D4020032
D4020031
47010848
47010849
47010850
D4020025
47010662
47010663
47010664
47010665
D4020027
45071241
45071391
45051496
78010027
45051497
45051498
78010029
45020020
45020019
45020030
45020037
45020035
38040213
38040228
38040230
38040280
45051228
45051399
45051417
38040327
38040331
38040284
45051426
45051422
C5010004
C5010005
C5010006
C5010003
75012032
45051488
75012031
75012009
75012008
45051490
45051489
47030051
47030052
47030053
47030054
47030057
47030056
45071938
45071939
45071940
45071941
45071942
45071943
45071944
47010503
47010505
45071800
45071801
45051199
78010025
45051494
45051491
45051495
45051492
47010521
45051420
47010676
47010677
47010678
47010679
47010117
53021098
53021103
47020044
47010116
47010118
53020970
A9010026
A9010022
A9010023
A9010024
A9010025
A9010027
B2010014
B2010015
B2010016
B2010017
B2010018
B2010019
B2010020
B2010021
A7010016
A7010017
A7010018
A7010019
35185660
34015310
D4020006
76011021
76011022
76011004
76011024
12010391
12100095
D5040011
03070001
12030011
24130025
24140047
52120002
12100081
12100098
12100096
12100097
12100099
12100102
12100100
12100105
12100088
12100086
12100090
12100106
12100078
12100087
12100079
12100085
12100089
12100091
12100092
12100094
12100107
24200096
12091083
24140037
24130022
24130012
24140029
24130031
24140046
24130023
24130034
24230055
12090877
12100073
12090786
12090787
12090785
12090784
12100075
12100074
12090692
12090852
12060023
12090836
12100037
12090880
12050119
12090830
12090780
12090779
12090791
12100057
12100056
12100061
12100060
12100059
12100058
12090782
12090783
12100009
12090809
12090808
12090806
12090807
12040140
12050120
12090851
12100062
12100070
12100053
12100077
12100055
12100072
12100054
12100067
12100063
12100069
12090885
12090868
12090861
12090828
12090829
12090863
12090847
12090716
12090814
12090815
12090848
12090820
12090866
12090875
12100068
12090811
12090846
12090874
12090849
12090865
12090758
D5030002
12060021
12040154
12040153
12050118
12040159
12040193
12040160
12040174
12040175
12040176
12040192
12040152
12040141
12040171
12090757
12090833
12090864
12090745
12060020
12091003
12090977
12091118
12091119
12091124
12091129
12090910
12090939
12091128
12091011
12091057
12090976
12090928
12091001
12091029
12091149
12090914
12091126
12091067
12091121
12090998
12091074
12091065
12091031
12090909
12090911
12091075
12091059
12090912
12090949
12091145
12091068
12091073
12091058
12091010
12091032
12091030
12090999
12091066
12090950
12091060
D5040019
12090934
12091002
12091012
12091151
12090975
12091022
12091021
12091088
12091040
12091084
12091086
12091104
12091043
12091098
12091085
12091042
12091005
12091039
12091047
12091081
12091006
12091048
12091082
12091077
12091008
12091076
12091087
24130006
24140023
24140017
24130007
24130010
24130008
12040166
12100076
12090895
12090827
12090896
24130024
24130029
24140018
24130016
24130014
24140022
24140021
24140027
24140020
24130013
24140024
12090878
12090777
12090778
12090781
12090843
12090831
12090837
12090839
12091004
12090838
12090840
12090841
12090842
12091114
12091117
12080015
12080018
12090776
12090775
12090774
12040130
12090773
12090772
12080006
12080005
12090941
12090660
12090769
12090770
12090771
12090762
12090763
12090768
12090767
12080014
12080017
12090788
12090789
12090790
12091125
12090869
12090812
12080027
12091103
12090905
12090980
12090995
12091038
12091092
12090887
12090900
12090870
12091064
12090737
12091061
12090748
12090903
12091045
12091014
12091072
12090996
12090884
12091018
12091134
12090997
12090893
12091033
12091053
12090832
12091054
12090925
12091019
12090860
12090983
12091035
12090988
12090835
12090994
12091037
12091113
12090882
12090947
12091013
12091009
12091050
12091106
12090824
12090826
12090857
12090859
12090991
12091093
12091107
12090944
12091080
12091110
12091111
12090907
12090919
12091069
12091141
12091142
12091056
12091131
12090891
12091044
12091090
12091105
12091091
12091016
12090906
12091130
12090740
12091094
12091108
12091041
12091070
12090916
12091097
12080026
52120008
12080024
03070040
12080023
12091028
12091023
12091025
12091027
12091062
12091112
12091015
12091034
12091046
12090937
12090984
12091071
12090834
12090899
12091078
12091049
12090892
12090990
12090739
12090923
12090883
12090738
12090858
12091036
12090844
12090908
12091109
12091144
12091055
12090890
D5040007
D5040008
D5040015
D5040017
12040161
12040162
12040173
12040177
D5040014
D5040013
12040170
12040188
D5020006
D5040020
D5040021
12040163
12040186
12040158
12040190
D5040009
12091095
12090854
12090853
12091063
12090993
12090930
12090931
12090921
12091100
12090886
12090987
12090881
12090871
12090894
12090823
12090992
12090942
12090749
12090904
12090897
12091051
12091020
12090889
12090918
12091096
12080007
12080008
24140039
52120005
52120007
D5040010
12091101
12050117
12040102
12011393
12011394
12050105
12050109
12011416
12011417
12011419
12011421
12011423
12011397
12011425
12011414
12011424
12011403
12011409
12011412
12011413
12011420
12011422
12040179
12040191
12040187
12040133
12040150
12040189
12040164
12040168
12040169
12040178
12011411
12011418
12011415
24130027
24130033
24130036
24140038
12091052
34015311
01250200
01225053
34015680
34015686
Z6040001
Z6040006
Z6040007
Z6040010
D3010019
D3010026
D3010027
D3010025
D3010020
D3010037
Z6040009
01240148
D1010027
01050633
01050635
01050636
01050639
01230240
01050546
01050602
01050606
01230149
01230136
01230154
01230150
01230155
01230138
01240147
D1010008
01050674
01050671
01050698
01050699
01050700
01050703
01050704
01050706
01230350
01230351
01230354
01230357
01050693
01050694
01050695
D1010025
01230177
01050614
01050660
01230249
D1010014
D1010010
D1010009
01225056
D2010015
51050117
01230147
01230157
01230148
01230158
D2010003
01230274
01230272
01230348
01230349
01230341
01230343
01230344
01230345
01230346
01250218
D3010071
01220524
D3010052
D3010049
D3010050
D3010017
D3010016
01250182
01250190
01250191
01250128
01250131
01250133
01050696
01250253
01250254
01250255
01250257
01050697
D3010084
01240128
70053844
70053826
01230375
01230376
01230220
01230226
01230286
01050649
01240133
51031609
01050650
01050669
01060475
01230242
01230241
01050651
01050652
01050653
01230106
01050612
01050670
01230246
01060470
01060472
01230243
01230244
01230245
01250136
01240135
01240113
01240138
01240134
01240140
01230236
01230237
01060471
01060473
01230234
01225078
70024776
01225155
01225154
01220681
01225074
34015480
01220682
01225152
01224991
01225076
01225148
01220599
01220602
01225121
01225122
01220597
01225137
01220436
01225127
01225123
01225124
01225125
01225126
01040607
01220528
01220545
01220546
01220678
01225075
01220677
01225077
01220685
01220683
01220684
01220676
01225030
01220679
01225153
01224932
01225035
01225036
D1010021
D1010024
D2010007
D2010008
D3010057
01225081
01225082
01225090
01225091
01225093
01225094
01225092
01225083
01225084
01225086
01225087
01225088
01224933
01224960
01224965
01224975
01224976
01224977
34015381
01225066
01225067
34015469
D3010015
Z6040005
Z6040002
D3010007
D3010012
D3010014
D3010013
Z6040011
D3010032
D3010031
Z6040004
D3010038
Z6040012
Z6040013
34015566
34015646
34015649
01120043
01130079
70330028
70330018
01050552
01220500
34015401
01220553
01225079
01225080
D3010040
D3010085
D3010086
D3010042
D3010075
D3010068
51090028
D3010087
01220483
01130045
01130048
01120053
01060465
01225101
01225102
01225103
01225104
01225105
01225106
01225107
01225108
01225109
01225110
01225111
01225112
01060479
01060480
01060482
01225141
01130065
01130066
01224987
01130068
01225046
01225043
01225047
01225044
01225037
01225038
01220619
01220620
01220621
01220624
01220626
01220627
51090013
51090007
51090031
51090025
01220484
01240146
01240145
01240142
01240143
01225116
01225117
01225118
01225119
01225120
01225144
01225142
01225143
D3010054
D3010055
D3010056
D3010061
D3010062
51090041
51090042
51090043
51090044
51090045
51090046
51090047
51090048
51090049
51090050
51090051
01225039
01225040
01225041
01225042
01225048
01225049
01225050
01225051
01225052
51090005
51090036
01225146
01225145
01130074
01220572
01220574
01130120
01224993
01224994
01225003
01225004
01224999
01225000
01225002
01224995
01224996
01224997
01224998
01225015
01225016
01225017
01225019
01225018
01100036
01110077
01060462
C9010005
51031725
70024196
70054508
70054428
02053363
C4010055
52100169
M1010013
C5030069
C5030061
C5030067
C5030064
C5030062
C5030063
C5030060
C5030066
C5030068
C5030065
86020013
86020010
86020012
86020011
86020009
M1010114
M1010115
M1010116
M1010117
M1010118
M1010119
M1010120
M1010121
M1010122
M1010123
M1010124
M1010125
M1010126
M1010102
M1010104
M1010101
M1010022
M1010023
M1010024
M1010014
M1010012
M1010103
M1010055
M1010034
M1010064
M1010056
M1010057
M1010058
M1010059
M1010060
M1010061
M1010062
M1010063
M1010065
M1010066
M1010067
M1010068
M1010069
M1010070
M1010039
M1010071
C7010066
C7010060
C7010063
C7010062
C7010065
C7010061
C7010059
C7010064
02055243
70024449
51032331
70051888
01040602
64010288
51030235
38031625
70041823
51032202
70024304
70041710
70041714
70041712
70053904
70041713
70041711
70054189
70054185
70054187
51032327
51032328
51032318
51032319
51032206
51032204
51032207
51032205
B9010017
B9010018
B9010016
B9010015
B9010013
B9010014
70041699
70041698
70041695
70041874
70041694
51032325
70041875
70050766
64020381
64020382
64020399
70054754
70054757
70024251
70054756
70041862
70041858
70024530
51032301
70054500
70054946
70041663
70054903
63020120
63020119
63020118
64020480
64020481
64020482
70024527
70024528
70024529
51032330
63020121
51100050
64020404
63020169
64020426
64020427
70051977
70054197
70054198
51032332
64020388
64020387
64020343
64020346
64020345
70054203
64020363
B9010012
B9010011
51032175
51032203
63020116
51032233
51032125
51032124
51032299
51032300
B9010010
70054207
70054205
70054201
51032312
51032317
51032313
51032315
70054840
70024757
70054835
64020364
70041779
51031956
51032432
70041870
70054219
70050484
51031992
48010182
70054215
51031726
70052926
70052929
70052925
51031730
51031728
51031729
51031727
98010012
98010010
98010011
98010009
98010013
51032012
70054217
70024321
70024320
70024322
70024319
70024323
C2010021
70041781
98010014
98010015
C2010030
C2010028
C2010035
C2010033
C2010034
70054865
51031991
51030347
70051127
51031990
70053009
70053011
70053010
51031881
70041871
70041869
70041778
70041780
70052963
70052965
98010003
51032156
51032155
98010002
98010006
51032451
C2010029
C2010026
64020411
98010017
63020143
63020142
98010016
98010005
C2010031
C2010032
98010004
98010007
51031865
52100038
52100072
52100074
74030312
74030314
74030316
74030313
64020279
A1030009
64020398
A1030011
70041776
38031532
C4020061
C4020060
C4020059
C4020058
C4020057
C4020056
C4020055
C4020066
C4020065
C4020064
C4020063
C4020062
38031389
38031534
A2010010
A2010012
70041782
70041774
A2010008
A2010011
A2010013
A2010009
51032341
70041826
C4010044
C4010050
02021694
54080195
70024845
64020121
64020126
54080193
70041899
70041775
70041773
70041777
70041897
38030848
C4020048
C4020054
C4020046
C4020045
C4020044
C4020042
C4020049
C4020051
C4020052
C4020053
70041898
48010267
A2010005
A2010007
C4010029
C4010038
C4010039
C4010040
A2010003
48010272
A2010006
48010270
51032452
51032398
51032166
51032167
C4010046
C4010047
C4010045
C4010048
74030310
74030305
C4010043
51032068
51032067
64020479
74030306
74030311
C4010053
C4010049
C4010052
C4010051
64020478
48010269
A2010004
52100020
A2010002
52100179
52100180
52100181
52100182
70050316
54080099
94020003
94020004
94020007
94020005
94020006
A1030005
A1030007
A1030008
64020268
B9010003
B9010004
B9010006
B9010007
B9010008
70054204
51031577
51031975
51050119
51031595
51031594
51031593
51031592
51031829
51031830
51031721
64010287
64020488
64020489
64020499
64020506
64020507
70024265
64020326
51031624
51031625
70052816
51032090
51032091
70052692
51032094
70024268
70024266
70024267
70024264
70053689
70053688
64020325
51032033
70053897
70054703
51032034
70054188
70024715
70024716
70054707
B9010021
B9010020
B9010019
70055142
70054971
70025058
70024895
70024899
70024898
51031852
51031855
51031853
51031660
51031856
51031854
51031641
70052833
70052832
51031640
70041919
70041727
70052919
70053260
51031862
51031864
51031863
70055132
70054018
70024497
70041953
70041954
51031645
51031644
51031866
70052997
51031867
70053554
70024191
70024195
70024197
51032476
70024893
70024894
70024896
70024897
70024933
70053588
70024223
70024227
70024229
63020172
70024225
70053587
70053596
70024479
64020470
64020423
64020425
70052961
64020455
64020454
B9010022
64020456
63020114
63020115
63020117
51031772
51031771
51031875
51032061
51032058
64020320
64020321
64020322
51031770
51031873
51032059
51032060
51031767
51031768
51032245
70024843
70054206
70054698
70054699
70054700
70024891
70024887
70024888
70024890
70024892
70054701
70024995
70024994
70024992
70024993
70024714
70024962
70024961
70054744
51032447
63020137
63020138
70041746
70041860
70041747
70041748
70041749
70041750
70041751
70041758
70041759
70041756
70041755
70054306
70054308
64020477
64020476
64020474
64020475
64020514
64020519
64020520
70053081
51032326
98010008
51031959
70024163
70041644
70053465
70024277
70024276
51032014
51032015
51032013
51032016
70041645
70055016
70054051
70053691
70024306
70053692
70053471
70041646
70053469
70024164
70053468
70053730
70024305
70053472
70041647
70053467
70053470
70053903
70053978
C2010016
C2010017
C2010018
C2010003
C2010004
C2010006
C1010002
C2010007
70024401
70053975
70024453
70053905
70053900
70053974
70053899
70053902
70053906
70053982
70053901
70053976
C2010023
51032224
70054518
70054399
70054398
70054517
70054397
70055014
70055015
70055017
51032446
51032448
51032449
51032450
70054400
70055192
70025053
70055218
51032435
70054516
51032316
70024721
70054735
70054734
70054733
70054737
70054738
70024720
70054740
70054739
70054736
70024722
70055185
70025068
70025069
70025108
70025107
70025109
70041704
51032445
70055199
70055195
70055191
70055207
70055196
70055206
70041724
70041744
70041745
70041725
51031988
70041861
70054755
70041859
70041732
70053132
70054509
51032296
51032297
51032298
51032475
63020139
64020406
64020407
64020408
70024915
70024916
70024918
70041654
70024148
70053439
70053438
70053440
70053437
70053436
70024147
70024144
70053543
70054825
70054748
70054747
70054746
70054749
70024812
70055051
70054745
70055198
70055193
70055211
70055208
70024986
70024987
70024988
70055197
70024989
70024990
70055194
70054320
70054305
70054307
70024523
70024520
70024521
70024522
70024534
70024577
70024406
70024470
70053913
70024471
70024407
70053914
70053915
70024473
70053918
70053917
70053919
70024408
70025052
70053916
70054513
70054514
51032314
70054304
70054512
70054515
51032173
70054303
70054510
51032177
70054511
64020517
C2010027
C2010025
70053747
70053235
70053236
70053267
70053693
70053694
70053748
70053264
70053263
70053237
C2010005
C2010038
C2010036
70053238
70053751
51032056
51032054
51032055
51032031
51032030
51031987
64020462
C2010053
C2010048
C2010050
64020463
70054495
64020464
70024813
70024811
70024814
70024815
C2010041
C2010039
C2010040
C2010043
C2010045
C2010008
C2010012
C2010010
C2010011
64020370
64020400
64020525
64020516
64020527
C4020097
C4020093
C4020098
C4020095
C4020092
C4020099
C4020101
C4020100
C4020104
C4020102
C4020103
64020528
64020529
64020418
70024847
64020330
64020337
64020328
64020329
64020338
64020335
64020378
64020372
64020374
64020366
64020371
64020375
64020373
64020450
63020092
63020086
63020091
63020087
63020090
63020088
64020349
64020347
64020395
63020105
63020104
63020106
63020165
64020483
64020405
64020414
64020457
64020449
64020459
64020422
64020420
64020419
64020421
63020164
63020171
63020163
64020451
64020458
64020453
64020452
63020147
63020149
64020394
64020498
64020461
64020358
64020393
64020497
51031584
C4020077
70025040
51032181
51032180
51032185
70024252
70052694
51031582
70052693
51031583
51031579
51031586
51031585
51031578
51031580
C4020107
C4020108
C4020106
C4020090
C4020094
C4020096
64020513
70024270
70024832
70052817
51031633
51031744
51031628
51031630
51031631
70052818
51031627
70041837
70052691
51031831
70052991
70052993
70053476
70053475
70024269
70053473
70053696
70053695
70053731
C4010013
C4010008
C4010009
C4010012
C4010025
C4010024
C4010020
C4010021
C4010022
C4010014
C4010016
70053898
70053896
70041709
70024983
70041703
51032214
51032213
70054389
70054598
70054718
70054717
70054715
70054713
70024833
70054722
70054721
70054716
70054719
51032455
70055019
70024794
70054883
70041700
70024914
70024934
70024936
70041920
51032324
70051222
64020305
70041730
70053955
70041721
70054752
70041856
70041857
70054753
51031879
51031878
51031876
51031877
70055135
70041731
70055134
64020348
70024186
C4020043
C4020050
70054933
51032474
64020409
64020493
64020492
70024935
70025015
70024977
63020131
63020132
70052513
C4010030
C4010032
C4010033
C4010035
C4010036
C4010037
51031581
70053542
70041653
70024157
70041651
70041649
70041652
70054315
70054316
51032183
70054310
70054309
51032311
51032178
51032310
70054311
51032184
70054318
70054317
70054313
70054507
51032179
70054312
51032309
70024155
70041650
70024152
70024154
70053443
70024151
70024143
70054728
70024756
70024837
70054724
51032171
70054726
70054727
70054725
70054697
51032172
70025060
70025054
70055262
51032305
51032304
51032306
70053911
51031868
51031869
51031870
70052999
70024404
70053912
70024475
70041723
70024485
70041729
70024482
70024484
70024483
C4010034
70052967
70053268
C4010028
70053265
C4010064
C4010065
C4010061
C4010063
C4010066
C4010067
70053582
70053266
51031779
51031871
51031778
51031777
51031775
51032069
51031774
51031819
63020074
63020075
64020356
64020357
70055303
70041760
51031773
C4020067
C4020072
C4020068
C4020069
C4020070
64020496
C4020073
C4020074
C4020075
C4020078
C4020076
C4010054
C4010056
C4010060
C4010059
C4010023
63020072
74030317
74030319
74030320
38031273
38031274
38031275
38031277
38031278
38031279
38031281
48010273
48010278
48010275
48010277
48010274
48010276
70052510
70054200
38031283
38031282
38031280
18090144
38031285
38031286
38031276
38031287
38031288
70053372
70053375
70053371
70053370
70053374
70053373
70053376
70053832
70055336
38031180
70052737
70052320
79010005
79010004
70052714
70053115
70053119
70053116
51031969
51031967
70053110
51031968
70053118
70053117
70053106
51032388
70054350
38031717
38031718
38031721
38031720
38031715
38031719
38031716
79010002
38031502
79010001
38031504
38031498
38031513
38031754
02058613
C9010008
C9010017
C9010016
C9010015
C9010013
C9010014
C9010012
C9010011
C9010009
38030206
38030535
70053460
70052630
70051471
51032276
70051728
70052267
70052707
70052696
70052703
70052706
70052699
70052697
70052710
70052705
70052711
70052708
70052704
70052701
70052709
70330047
70330041
70330046
70330043
70330042
70330045
70330044
70052712
70052686
70052689
70052688
70052690
70052687
70054268
70054270
70053834
70053831
70053836
70053838
70053840
70053837
70053839
70053841
70053827
70053828
70052731
70052741
70052727
70052735
70052730
70052733
70052738
70052732
70052728
70052729
70054238
51050167
70054233
70054237
70054232
70054234
70052684
51032382
51032380
70054892
70054890
70054939
70054696
70055231
70055266
70054638
70054689
70054759
51032191
51032457
51032456
51032462
70055065
70054758
70054760
70052683
51032384
70054993
70054991
70054761
70054762
70054235
70055071
70055072
70055069
70055070
70055073
51032383
51032381
51032385
70054341
70054751
70055251
70054045
70024519
70054492
70050592
70050939
70055183
70053493
70053491
70053738
70053741
70053737
70053492
70053740
70053739
70053490
70054047
70054041
70054042
70054049
70054044
70053226
70023353
02058215
70054483
70054484
70053207
70053209
70053211
70053222
70053221
70053225
70053224
70053227
70053230
70053194
70053195
70053198
70053200
70053201
70054417
70054415
70054418
70054416
38031677
38031680
38031656
70055081
70054803
51032436
70051808
70051817
51031338
70023381
70052938
70054986
70054798
70054797
70053169
51032187
70054813
70054811
70053495
70300080
70052164
70053514
70053942
70053515
70053516
70053940
70052685
70053930
70053929
70054263
70054262
70054258
70054260
70054261
70054566
70054565
70054564
70055088
51032164
51032387
70054266
70054259
70054265
70300111
70300108
70300113
51031561
51031563
70300112
51031562
70300106
70300109
70300110
70300107
70053729
70300105
70310058
70053881
70053935
70051305
70300118
70300115
70300123
70300120
70300121
70300122
70300133
70300134
70300132
70300124
70300117
70300126
70300125
70310062
70300127
70300128
70300129
70300136
70053728
70300119
70300116
70053936
70053880
70053878
70053933
70053938
70053509
70300130
70053934
70053937
70053939
70053932
70053877
70053879
70054569
70053068
70053504
70300135
70052748
70052747
70052753
51032088
51032162
70054880
51032158
51032391
51032160
51032159
51032157
70054229
51032394
70053074
70053076
70053075
70053071
70053072
70053078
70053077
70053073
70053079
70053080
51032390
70052679
70052678
70053351
70053349
70053352
70053343
70053355
70053356
70053354
70053477
70053347
70053342
51032348
70053882
70053890
70053889
70053887
70052681
70053173
51032386
51032393
51032389
70300153
70300152
70054882
70054881
70054352
70054912
70053886
70054932
70054540
70054544
70054351
70054918
70054349
70054916
70054542
70054541
70054353
51032392
70054920
70054938
70054915
70054930
70054911
70054921
70054917
70054914
70055256
70300137
70300138
70300139
70300140
70300141
70300142
70300143
70300144
70300146
70024117
70024119
70024122
70053170
70054693
70054936
70055236
70054929
70054937
70055235
70054692
70054934
70054691
70052606
70055269
70052605
70052604
70054796
70054935
70054983
70054931
70054422
70054426
70054424
70054425
70054429
70054427
70055238
70054985
89030021
89030022
89030024
C8010062
38031146
38031148
38031070
70050302
70053497
70053350
51032086
51032087
70054987
70054989
51032395
70054799
70055085
70055078
70055082
70055090
70055087
70055080
70055083
70055077
70055091
70055089
70055084
70055079
70055290
C8010042
C8010045
C8010044
C8010043
C8010040
C8010046
C8010041
70054231
70052935
70052934
70052936
70052933
70054343
70054345
70054334
70054338
70054376
51041692
70054421
70054420
70054419
70054379
70054380
70054381
70054800
70055086
C8010010
C8010011
C8010003
C8010004
C8010005
C8010007
C8010008
C8010009
C8010012
38031265
38031253
38031262
38031263
38031264
38031266
38031260
38031255
38031268
38031257
38031254
38031258
38031259
38031261
70053242
70053883
70054539
70053239
70051331
C8010039
89030026
89030027
89030028
89030029
70053336
70053335
70054562
70052937
70053040
70053039
70052680
70052682
70053358
70053361
70053322
70053324
70053875
70053948
70053921
70053923
70053922
70053325
70053949
70053874
70053870
70053871
70053512
70053508
70053876
70053920
70053950
70053945
70053925
70053872
70053873
70053943
70053432
70053360
70053241
34015402
38031689
38031694
38031704
46010285
C9010010
C9010084
86010030
M1010175
M1010170
M1010171
M1010172
M1010173
M1010167
M1010168
M1010169
86010028
86010026
86010027
86010021
86010024
86010025
86010023
M1010003
M1010002
C8010064
C8010070
C8010065
86010032
86010031
C8010066
C8010067
C8010068
C8010069
M1010166
M1010163
M1010157
M1010164
M1010152
M1010155
M1010165
M1010149
M1010154
M1010150
M1010162
M1010151
M1010153
M1010156
C9010108
C9010087
C9010104
C9010086
C9010103
C9010109
C9010107
C9010082
C9010101
C9010088
C9010095
C9010085
C9010102
C9010081
C9010098
C9010096
C9010100
C9010097
C9010083
C9010105
C9010106
C9010089
C9010090
C9010092
C9010093
C9010094
C8010059
C8010055
C8010053
C8010061
C8010054
C8010060
C8010050
C8010056
C8010052
C8010058
C8010051
C8010057
M1010161
C9010072
C9010080
C9010076
C9010078
C9010075
C9010079
C9010074
C9010077
C9010071
C9010073
C9010070
C9010027
C9010021
70300059
70300060
C9010023
70052717
70052718
70052715
51031590
70052716
70054573
70054257
70054256
70054254
70053959
70053498
70053954
70053524
70053962
70053525
70053953
70053429
70024167
70053519
70053526
70053069
70053523
70053963
70053956
70053960
C9010019
70053961
70053958
70051707
70051697
70052742
70052743
70052745
70052744
51031591
51032396
51032161
70054574
70053174
70054913
70054884
70055119
70054886
70054888
70054538
70055116
70055115
70055117
70054928
70055008
38031168
38031183
51031080
70053171
38031315
38031334
38031335
38031337
38031339
38031311
38031313
C9010026
C9010022
C9010024
C9010018
C9010020
C9010025
70053172
C9010042
C9010057
C9010049
C9010056
C9010048
C9010054
C9010034
C9010040
C9010035
C9010043
C9010055
C9010038
C9010036
C9010039
C9010041
C9010050
C9010058
C9010044
C9010045
C9010046
C9010047
C9010051
C9010052
70054589
70054590
70054591
C9010037
C9010033
70054988
51032151
70054809
70054810
70024747
70054805
70054806
70054804
70054802
70055074
70055075
70054677
70054678
70054679
70054680
70054326
70054330
70054328
70054332
70052677
70054227
70054226
70054807
70054228
70054819
70054808
70055180
70054588
70051738
51031347
70054720
70054750
51032461
38030964
38030963
70054225
70053070
70023996
70053240
70053330
70053433
70053968
70053971
70053969
70053520
70053521
C9010006
C9010004
C9010003
38031750
38031753
38031751
C9010002
70053454
70053016
70053014
70053012
70053570
70053430
70054250
70054251
70054253
70054248
70054252
70054009
70053999
70054000
70054924
70054900
70054894
70054906
70054904
70054898
70054899
70055101
70055104
70055103
70054695
70055184
70054592
70054359
70054543
70054919
70054356
70054357
70054925
70054922
70053023
70053022
70053021
70053006
70053007
70053453
70053452
70053455
70053457
70053458
70053461
70053462
70055182
70055181
70054676
70055100
70054003
70054002
70053176
70053178
70053179
70053180
70053181
70053175
70053128
70053130
70053125
70053129
70053131
70053127
70053126
70053326
70053348
70053346
70053345
70330033
70054528
70054529
70054530
70054531
70054532
70054533
70054534
70054535
70054536
70054548
70054549
70054553
70050180
70052446
70054057
70054058
70054059
70054060
70054061
70054062
70054064
70053105
70041486
70052702
70054669
70054670
70054671
70054672
70054673
70054674
70054675
70052698
51031587
51031588
70052700
70052746
70052750
70052751
70052749
70052752
70052754
70052759
38030612
38030615
38030795
38030801
38030803
38030806
38030813
70052755
70052756
70052757
70052758
38031297
38031292
51032420
51032418
51032419
70052237
70041795
70041796
70041797
70041798
70041800
70041809
70041810
70041811
70041812
70041813
70041814
70041815
70041816
70041817
70041801
70041802
70041803
70041804
70041805
70041806
70041807
70041808
70041799
70220402
70041496
70041474
70041476
70041478
70041448
70052269
70053377
70053383
70053382
70053384
70053388
70053391
70053380
70053379
70053387
70053394
70053381
70053393
70053390
70053392
70053389
65010035
65010036
18090126
18020068
60030045
60030043
18020422
60030048
18020420
60030047
18090065
18090110
18090046
18090146
18090116
18090115
18050170
60010077
18090114
60010079
18050171
18050169
18020415
60030042
18090067
18020403
18020183
18020418
18090090
18090113
18090150
18090152
60060061
60030050
60060073
18090135
60030046
60030040
18090148
18090141
18090122
18090131
18090147
60030044
18050181
18050178
18050179
18050182
18070251
18070249
18070250
18070254
18070258
70054244
70053888
C8010047
01040606
24990053
51032477
51032211
51032287
51032363
51032397
53021136
53021137
51021571
48020022
48020028
48020034
48020035
50020133
48020053
51020304
48020009
48020013
51021122
51021241
51021261
93020012
34015567
51020727
48020080
48020081
48020082
48020083
48020069
48020070
48020071
48020072
54020022
54020024
51021478
50020213
50020214
50020215
50020216
50020218
50020219
50020220
51021482
51021517
51021523
51021516
50020171
A3020012
A3020015
A3020016
A3020017
51021121
51021087
51021138
51021129
51021145
51021037
51021040
51021041
51021036
51020778
51021243
51021249
51021443
51021429
51021430
51021252
51021414
51021415
51021440
51021441
51021273
51021274
51021444
51021445
51021435
51021436
51021263
51021267
51021265
51021424
51021119
A3010025
A3010026
A3010027
A3010028
A3010029
A3010030
A3010031
A3010032
93020003
93020004
A3020013
93020019
58030002
51011817
51021193
51070078
51070079
51070076
51041761
51070077
51021191
51070060
51020732
51021190
51021176
51041809
51070062
51070086
D1010002
51070085
51021499
51021529
51021526
51041078
51070081
51021072
51021165
51021174
51041842
51041841
51070063
51021059
51070061
51070058
51070059
51070053
51070054
51021055
51021142
51021140
51021141
51021130
51021149
51021147
51021160
51021144
51021163
51041153
51041152
50010572
50010571
50010573
50010574
50010575
51020672
50010610
51021557
51041066
51041069
51041068
51021254
51021260
51020680
50010590
50010589
50010588
50010591
50010592
50010593
51021093
50010611
50010609
50010606
50010607
50010608
48030005
48030004
48030002
48030003
48030006
51032333
51031929
51032255
51032256
51032257
51032254
51021405
51031753
A3030009
A3030007
A3030004
51050157
51050135
51050161
51070056
51070055
51041072
51031648
51041178
51041177
51041059
91010023
77010019
77010026
77010025
77020057
77010011
24990060
24990059
91010013
91010021
91010009
D6040094
D6040093
D6040096
D6040095
D6040063
D6040103
D6040104
D6040107
D6040108
D6040105
D6040106
D6040089
D6040090
D6040088
D6040064
D6040099
D6040100
D6040097
D6040091
D6040092
D6050046
D6050047
D6050054
D6050051
D6050052
D6050039
D6050040
D6050048
D6050049
D6050045
D6050053
D6050037
D6050038
D6050044
D6050043
D6050041
D6050042
D6040053
D6040057
D6040059
D6040060
D6040036
D6040037
D6040039
D6040038
D6040035
D6040051
D6040052
D6040082
D6010026
D6040062
D6010025
D6040034
D6040049
D6040050
D6040061
D6040056
D6040058
D6010022
D6010024
D6010016
D6050036
D6050035
D6020012
D6020013
D6020011
D6020008
D6020007
D6020005
D6020010
D6020006
D6020009
D6040041
D6040040
D6040042
D6030015
D6030018
D6040081
D6030017
D6040047
D6040048
D6030020
D6030023
D6030027
D6030028
D6030026
D6030022
D6030025
D6030024
D6030029
D6030032
D6030021
D6030012
D6030014
D6030016
D6040067
D6040066
D6040065
D6040069
D6040070
D6040044
D6040080
D6010027
D6010028
D6010029
D6010005
D6010012
D6010003
D6010006
D6010009
D6010002
D6030011
D6030007
D6030005
D6010008
D6030008
D6030009
D6040068
D6040071
C8050005
C8050004
C8050003
C8050008
C8050006
C8050007
70053746
70053762
70053734
70054107
70053766
70053769
70054101
70053627
52100195
34015326
26090111
26090107
26090110
26090103
26090113
26090115
26090112
26090109
26090106
26090108
26090114
26090104
26090105
34015418
26370086
26370095
26370175
26370167
26140027
26080136
26080146
26080141
26080140
26080137
26080126
26080097
26130001
26120005
26130045
26130042
26050024
26140025
26140023
26140026
26050021
26050027
26050028
26050029
26050030
26050026
26050025
26050022
26050023
26140029
26140030
26120019
26120010
26120015
26120012
26120008
26120024
26120028
26120022
26120023
26120026
26120029
26120034
16080028
26110027
26110033
26060125
26060126
26140016
26140019
26140021
26140022
26100020
26090117
26050008
26050003
26050009
26050004
26050010
26050035
26050037
26050033
26050015
26050006
26050013
26050034
26050031
26050014
26050018
26050032
26090119
26050011
26050005
26050012
26050002
26050017
26050016
26090116
26090120
26090118
26100021
26100023
26100022
26050046
26050040
26050042
26050041
26050044
26050043
26050045
26050039
26130026
26130036
26130038
26130035
26130034
26130033
26130032
26060124
26060122
26060082
26060120
26060119
26060116
26060117
26060118
26100019
26100017
26100018
26100010
26090081
70024713
D2010010
D3010070
01250308
01250241
D3010073
D3010074
51010746
51010753
01230312
51021032
51020804
01225150
01225149
51041079
01080015
51011757
51011759
51041084
70024723
D3010082
D3010069
51011761
06061654
64010223
06061520
06061521
49010276
49010311
06061607
49010232
64010206
06061491
49030271
49030272
06061476
64010214
64010225
49030193
49030334
49030336
49030301
63010073
49030359
06061480
06061484
06061528
64010211
49030331
49010310
06061459
06061512
49030295
06061494
64010155
49030284
64010196
64010193
51041120
49030343
06061630
06061701
49030308
49030306
06061487
49010262
49030341
06061461
06061574
06061458
61010170
61010173
49030312
06061652
49030317
49030318
49030315
49030316
49030279
49030278
06061643
06061653
06061651
49030363
49030329
49030311
49030337
49030335
49030298
49030300
49030296
49030299
49030297
06061646
49030360
49030357
49030358
49030356
49030330
06061679
64010198
06061705
06061578
64010199
64010200
06061708
06061706
06061707
06061710
06061709
64010207
49010271
49010270
49010301
49010302
49010303
49010299
49010300
49010298
49010272
49010268
49010267
49010269
06061703
06061529
06061702
49010290
49010291
49010292
49010321
49010293
49010295
06061704
49010257
49030332
49010312
49010320
49010322
49010304
49010305
49010306
06061678
06061672
06061673
64010208
64010205
06061676
49030365
49030407
49030406
49030410
64020341
64010230
64010226
49030319
49030320
49030323
49030321
49030322
49030324
06061749
63010036
63010038
63010037
64010222
64010216
64010217
06061657
49010308
49010309
63010040
63010042
63010039
64010232
63010041
06061658
64010178
49030325
49030327
49030326
49030328
64010191
06061633
06061629
06061632
06061631
49030338
06061649
49030398
49030399
49030345
49030305
49030304
49030307
49030303
06061729
49010277
49010286
06061579
06061711
49010274
06061732
06061712
06061713
A1020003
06061660
06120012
06061659
64020306
49010297
49010264
49010263
49010260
49010261
49010265
49010259
49010221
49010258
49030340
49030342
49030339
06061720
06061725
06061722
06061724
06061723
06061719
49010296
06061557
06061570
06061573
06061617
06061618
70051867
49010346
49010347
06061717
06061726
06061656
61010164
61010191
61010208
61010209
61010210
61010190
61010189
61010204
49010348
49010349
64010238
06061748
49010345
49010184
49010186
49030165
49010354
49010350
49010351
49010352
06061769
06061770
49010353
63010056
63010057
63010055
64010255
64010256
06061771
06061773
74010003
06061768
06061747
49010253
49010251
06061699
06061690
06061698
06061697
06061700
06061692
06061694
06061680
06061683
06061685
06061684
06061666
06061682
64010209
06061426
06061772
63010068
49010344
06061841
06061816
06061822
06061820
06061435
06061448
06061786
49030388
49030387
49030408
49030409
49030411
06061662
06061663
63010065
49030419
06061805
06061806
49030436
64010245
64010243
06061779
06061776
06061761
06061778
06061763
06061762
06061734
06061781
06061777
06061814
06061852
06061744
06061745
64010202
49030368
49030369
49030370
49030371
49030372
06061736
06061785
06061738
06061733
06061739
06061737
06061741
49030397
49030396
49030430
49030429
49030431
49030302
63010053
64010280
49030240
63010050
06061665
06061664
49030414
49030415
49030392
49030391
06061755
49030424
49030425
64010297
49010342
49010343
49010168
06061728
64010291
64010293
06061759
06061801
06061800
06061798
06061797
06061856
06061802
06061787
49010356
06061752
06061753
64010237
64010257
06061782
06061804
06061667
06061668
06061671
06061669
06061670
64010254
64010126
06061783
06061784
49010329
49010331
49010332
49010333
49010334
49010335
49010336
06061842
49010358
49010357
49010365
49010362
49010364
49010363
06061843
06061844
06061845
63010067
63010069
63010071
63010082
64010300
49010370
64010236
06061829
06061830
06061831
06061832
06061833
06061834
06061835
06061836
06061837
06061838
06061839
06061840
06061754
06061799
61010203
61010205
61010206
61010197
61010196
61010194
61010198
63010043
52030058
52030061
64010221
64010220
64010252
49010369
06061828
06061384
64010275
64010295
63010081
64010278
64010262
64010261
06061647
54070016
63010066
64010219
06061751
06061750
49030384
49030435
64010253
64010240
64010250
64010251
06061775
06061774
06061765
94030005
06061743
06061727
06061742
64010281
06061714
06061854
06061716
06061715
63010047
06061348
73020006
49030241
63010044
64010234
49030390
49030426
06061757
06061758
49030374
49030375
49030376
49030377
49030378
49030428
49030416
49030417
49030418
49030432
49030433
63010078
52030028
54070015
52030052
A1020004
74010001
49010359
49010361
49010367
49010366
64010301
64010302
49010338
49010339
49010340
49010341
49010328
64010163
61010145
61010185
94030004
61010184
61010180
61010181
74030304
61010199
61010200
61010201
61010202
49010247
49030248
49010143
49030170
49010182
49030244
49030249
49030250
06061475
49010199
49010194
06061813
06061818
06061807
06061819
06061823
06061815
06061821
06061810
06061889
64010317
06061902
63010083
63010084
64010305
64010309
06061817
06061811
06061809
63010054
49030441
49030412
49030413
06061794
06061796
06061795
06061812
64010303
64010310
64010306
64010313
64010314
64010315
06061760
06061792
06061788
06061803
06061790
06061789
06061791
06061882
06061881
06061887
06061871
06061877
06061870
06061869
06061910
06061911
06061879
49010375
06061863
06061864
49010372
06061865
06061866
06061867
06061868
06061908
64010286
64010285
64010283
64010290
64010289
06061824
06061901
06061827
06061853
06061855
06061862
06061861
06061860
06061896
73020009
49030040
06061826
73020010
06061793
06061825
64010307
64010308
64010325
64010320
06061891
06061897
06061892
06061857
06061859
06061880
06061873
06061872
06061876
06061874
06061875
06061878
06061846
06061912
06061913
06061914
06061847
06061848
06061849
06061850
06061851
06061858
06061886
06061885
06061884
49010371
49010373
61010177
61010183
61010186
61010188
49010256
Z2010014
Z2010012
Z2010020
Z2010041
Z2010021
64040007
64040002
Z2010023
Z2010024
Z2010025
64040003
Z2010022
64040008
Z2010032
53021029
53021001
53021002
53021032
53021182
53021170
53021147
53021194
53021026
53021164
53021166
53020972
53020831
53020833
B003003
D6040043
70024886
70024345
70053909
70024573
70055306
70055064
23090117
23090119
23090108
23090115
23030446
23030447
23030460
23030444
23030469
23030470
23030482
23030471
23030472
23030473
23030486
23030508
23030487
23170013
23170012
23030457
23030459
23030458
23030474
23030463
23030464
23030488
23030489
23030467
23030477
23030466
23030492
23030490
23030510
23030461
23030509
23030507
23030479
23030519
23030518
23030478
23030468
23090126
23160012
23160013
23090123
23090125
23030280
23030516
23030439
23030502
23030504
23030443
23100013
23100028
23100014
23100012
23100011
23100030
23100021
23100022
23100020
23100019
23100016
23100029
23100008
23100025
23100026
23100024
23100023
23100017
23100018
23100015
23160010
23100009
23100010
23100007
23030456
23030441
23030449
23030450
23030494
23030496
23030500
23030491
23030497
23030501
23030475
23030476
23030481
23030480
23070065
23160031
23160032
23160034
23160035
23160036
23160029
23160030
23160028
23030409
23030419
23030420
23030418
23030417
23030423
23030424
23030422
23030421
23030415
23030416
23030414
23160033
23030408
23070072
23030499
23030505
23030495
23030512
23030523
23030511
23030522
23030451
23030369
23030405
23030406
23030387
23030410
23030411
23030427
23030431
23030428
23030426
23030430
23030425
23030429
23100032
23030384
23030397
23030396
23030395
23030400
23030399
23030434
23030437
23030435
23030438
23030433
23030436
23030407
23030404
23030455
23030453
23030454
23030498
23030506
23030392
23030394
23030391
23030514
23030515
23160042
23160043
23030452
23030442
23030448
23030493
23030503
23030440
23030356
34015570
34015406
23030412
23030182
23060006
23060007
23060005
23060008
23040064
Z4020005
Z4020003
Z4020006
Z4020004
23170029
58010029
58010017
58010005
16080051
58010001
16080055
16080050
16080056
58010051
58010050
58010052
58010019
58010021
58010072
58010074
58010073
58010071
58010035
58010044
58010045
58010041
58010061
B0010008
B0020013
B002001
B002002
B0020014
64050005
64050010
64050007
64050006
64050009
64050008
64050004
64050003
55140004
58020032
58020029
58020030
58020031
58020027
58020028
Z3010002
Z3010003
Z3010004
Z3010007
Z3010008
Z3010009
E1020003
E1020005
E1030018
Z2010039
Z2010038
Z201001
Z201002
Z2010004
Z2010006
Z2010005
Z2010007
Z2010027
Z2010028
Z2010029
Z2010031
Z2010026
Z2010030
Z2010040
44080190
44080192
44080163
44080222
44080224
44080225
44080227
44080229
44080230
44080232
44080233
44080234
44080235
44080237
44080203
44080204
44080205
44080206
44080207
44080208
44080209
44080213
44080214
44080215
44080216
44080218
44080219
44080152
44080153
44080154
44080155
44080187
44080197
44080199
44080201
44080198
44080200
44080183
44080185
44080157
44080158
44080148
44080161
44080162
44080196
16060012
16060003
34015307
34015373
51040936
51040937
51040940
51040178
51040177
51040176
51040175
51040174
51040173
51040172
51040171
34015421
51070074
51010730
51040164
D3010006
D3010005
Z6040008
51070072
51070087
51070068
51070052
51070069
51010544
51070080
51070070
51070073
51041810
51011814
51011816
51070051
51070064
51010943
51010942
51010930
51010932
51010933
51010934
51010936
51010716
51010717
51010718
51010719
51010720
51010721
51010728
51010729
51010731
51010732
51010733
51010523
51010528
51010722
51010723
51010724
51010725
51010726
51010727
51010734
51010735
51010736
51010737
51010738
54080174
51010739
51011036
51011035
51011843
51011844
51011845
51011846
51011867
51010826
51010827
51011847
51011002
51011004
51011005
51011848
51011849
51011850
51011851
51011031
51011032
51011033
51011852
51011030
51011842
51011876
51011029
D3010002
D1010023
51040163
50010412
50010413
50010414
50010415
50010416
50010417
50010255
51041580
51041581
51041582
51041583
51041584
51041585
51041586
51041596
51041597
51041598
51041599
51041099
51010524
D2010006
D2010011
51041587
51041589
51041590
51041591
51041592
51041593
51041594
51011879
51011881
51011882
51011868
51010945
51011034
D3010072
51010527
51011429
51041024
51041180
51041663
48020062
48020059
51010740
51010741
51010742
51010743
51010744
51010745
51010758
51010759
51010760
51010761
51010762
51010763
D3010010
D3010004
D3010008
D3010048
D3010035
D3010034
D3010046
D3010053
D3010077
51010747
51010748
51010749
51010750
51010751
51010752
51010764
51010766
51010767
51010768
51010769
51010770
B6020013
B6020015
B6020016
B6020017
B6020018
A5020002
A5020003
A5020004
A5020005
A5020006
A5020007
A5020008
51011854
51011855
51011853
51011864
51011865
51011001
51011000
51010999
51010998
51041145
51011037
51011162
51011163
51041843
51041683
51041682
51011877
A9010007
50010501
50010502
50010510
51040960
51010779
51010780
01240136
01240137
51011027
51011028
51010387
51041124
01240055
51010334
51041150
51010984
51010839
51010841
51041835
51010849
51041378
51011812
51011712
51041564
51041565
51041675
A8020003
A8020008
A8020013
51041707
51011725
51011726
51011727
51011728
51011729
51011730
51041566
51041567
63020122
63020161
A8020001
51041762
51041857
51041858
B1010011
B1010012
51011739
51011742
51041681
01225147
51041774
51041834
51011813
51011884
51011811
51011720
51011721
51011722
51011723
51011743
51041547
51041548
51041549
51041550
51041081
51041083
51041763
51040510
51041827
B1010010
B1010008
B1010009
51041765
51011738
51011740
51011741
51041551
51041552
51041553
51041554
51041555
51041556
51041557
51011810
51011883
51041833
51041673
51011716
51011717
51011718
51011719
51041568
51041569
51041570
51041571
51010711
51041768
51041769
B3010013
B3010014
B3010017
B3010015
B3010016
B3010018
51011731
51011732
51011733
51011734
51011735
51011736
51011737
51041572
51041573
51041574
51041575
51041576
51041131
51010756
51010878
51010881
51010778
51011744
51011745
51011758
51011808
51040886
A7010008
50010448
51011254
51010788
51011752
51011753
51011809
51010790
50010461
50010462
50010464
51010882
51010781
51011748
51011749
51011760
51011750
51040966
51040967
51040969
51041339
51040624
51011755
51011756
51011714
51010997
51041076
51011715
51041676
51021098
51021090
51041042
A8020011
51021091
51021127
51021105
51021107
63020073
51041712
51041713
51041253
51041254
51041821
51041820
51041823
51041825
51041826
B1010013
01225156
51041740
63020099
51041032
51041014
51041122
51041034
51041118
51041119
51041831
51041859
51041117
51041105
51041112
51021108
51041104
51041824
51021101
51041121
63020071
51011713
51040167
51040168
51040169
51040170
34015384
51011888
51011890
51011891
51011892
51011893
51011887
51011886
51010906
51010891
51011252
51010951
51011178
51011167
51010634
51011858
51010636
34015571
34015667
51010989
51011869
51011872
D3010047
D3010041
D3010076
51010900
51010894
51010581
51010704
51041143
51041144
51011173
51011857
51011856
51010511
51011762
51011763
51011764
51011773
51011774
51011775
51010772
51010771
51010765
51041625
51041626
51041627
51041628
51081050
51081051
B6010022
51081046
51081045
51081047
51081048
50030139
51040943
51010816
51011776
51011778
51041620
51041621
51011765
51011777
51011766
51011767
51041615
51041616
51041617
51041618
B6010013
B6010014
B6010015
B6010016
B6010017
B6010018
B6010021
B6010019
51041622
51041623
51041624
A6010001
A6010002
A6010003
A6010004
51011771
51011780
51011779
51011772
51100042
51100043
51100044
51100045
51011768
51011769
51011770
51100046
51100047
51100048
51100049
51100039
51100041
Z6040003
51011550
34015608
51011182
51011428
51040928
51041340
51040930
51040931
51010927
51010928
51010931
A9010028
A9010029
A9010030
A9010031
A9010032
A9010033
B2010022
B2010023
B2010024
B2010025
B2010026
B2010027
B2010028
B2010029
A7010012
A7010013
A7010014
A7010015
51011312
51010949
34015372
06050321
06050323
06050320
92010014
92010013
92010012
06130010
06110086
06130011
06130009
06070048
06050347
06050316
06050345
06050382
06050353
06050354
06070041
06070056
06050342
06050344
06070053
06070057
06070054
06070055
06070047
06050264
06050338
06050337
06050385
06050352
06050335
06050380
06050379
06050373
06050374
06050383
06050341
06050381
06050384
06050387
06050346
06050349
06050309
06050371
06050369
06050336
06050358
06050244
06070049
06070051
06050364
06050365
06050367
06050247
06050361
06050324
06050317
06050394
06050395
06050377
06050307
64010203
06050314
06070039
06070037
06070044
06070043
06070042
06070046
06070045
06070038
06050391
06050332
06050333
06050334
06050389
06050327
06050388
06050396
06050330
06050325
06050376
06050375
06050393
06050303
06050305
06050301
78010133
78010117
78010134
53020435
53021111
53021162
53021048
51020909
51031148
70025081
51021519
51021494
01230458
51021139
61020078
62080160
62090044
62090045
62090046
62090047
62090048
62090049
62080124
62080127
62040090
62040091
62040093
62040096
62040098
62040099
62050100
62050101
62050102
62050103
62050105
62050107
62010245
62060005
62060006
62080188
62060016
62060023
62060019
62060017
62060025
62060018
62060024
62080183
62060012
62060011
62060021
62080099
62080101
62060013
62060026
62080181
62080182
62090009
62060027
62060028
22030003
23020096
23020128
B0030006
B003002
B002008
B002009
B002010
Z1020005
Z1020014
Z1020015
55120011
55120012
62040165
62040158
62040159
62040160
62040161
62040162
62050175
Z4010028
B0010004
B0010003
B0010005
B0010006
B0010007
B0010009
B001001
D5040024
D5010001
12040145
D5040028
D5040027
61020062
61020058
61020059
61020060
61020061
61020008
61020072
61020079
61020073
61020077
61020080
61020082
61020075
61020076
61020002
61020074
61020067
61020063
61020064
61020065
61020066
61020050
D5010002
D5010004
D5010003
12040195
12040194
12040183
12040184
12040181
D5020003
D5020004
D5020005
D5020008
12040180
12040138
D5030001
D5030007
D5030004
D5030005
61020056
61020054
61020057
61020055
61020068
61020070
61020071
61020069
12040172
12040142
12040144
D5020007
12040143
D5040005
D5040003
D5010005
D5020009
D5020001
D5020002
D5040001
D5040002
D5040025
D5040026
12040185
12040182
26110031
26110032
Z5010004
23170031
23170021
23170026
23170023
23020087
23170004
23120004
23120005
23020144
23120003
23120001
23170002
23120002
23180023
23020134
23180003
23110006
23180012
23180011
23110005
23110003
23110004
23110002
23020131
23110001
23170030
23170022
23170024
23170025
23170028
23170032
23170027
23020122
23170003
23140003
23140004
23140002
23140001
23180024
23020127
23180004
23180017
23180018
23180013
23180019
23180014
23180020
23180015
23180021
23180016
23180022
23130004
23130005
23130003
23130001
23180002
23130002
23170019
23170020
23180025
23020111
23020132
23180005
23020139
23020140
23020138
23020137
23030386
23180007
23170007
23170006
23170005
23170010
23170011
23170009
23170016
23170017
23180009
23180010
23180026
23170018
23170015
23180006
23180008
23180027
Z5010003
B0020015
44080211
44080212
44080220
44080221
62080161
26090121
26090122
26090123
23020143
23020142
62010302
62010303
62010304
62060003
62070102
62070106
62010101
62080189
62060020
62080185
62080179
62080178
62060007
62080168
62080170
62080171
62060008
62060010
62080169
62060009
62070104
62070103
62070105
62070108
62070109
62090060
62080184
62080016
62080112
62050092
62010259
62010260
62010261
62010262
62010263
62010264
62010268
62010270
62010271
62010272
62010273
62010249
62010205
62070083
62010206
62070084
62010104
62070039
62070041
62080159
62010241
62080158
62010169
62050081
62010070
62010212
62010213
62010214
62010216
62010217
62010218
62010219
62010221
62010222
62010223
62010224
62010276
62010277
62010278
62010279
62010280
62010288
62010289
62010290
62010291
62010292
62010293
62010294
62010295
62010296
62010297
62010298
62010299
62010306
62010307
62010308
62010309
62010310
62010281
62010282
62010283
62010284
62010305
62010285
62010286
62010287
62010238
62010239
62010127
62040209
62050225
62040046
62050079
62040157
62010237
62040137
62040181
62040182
62040183
62040210
62040211
62040221
62040138
62040139
62040149
62040173
62040174
62040184
62040185
62040186
62040212
62040222
62040223
62040141
62040142
62040150
62040151
62040153
62040175
62040176
62040187
62040188
62040189
62040190
62040191
62040192
62040213
62040214
62040215
62040216
62040217
62040224
62040225
62040226
62040227
62040143
62040144
62040145
62040155
62040156
62040193
62040194
62040180
62040195
62040196
62040218
62040219
62040220
62040228
62040229
62040230
62040231
62050149
62050134
62050144
62050159
62050167
62050168
62050178
62050179
62050195
62050196
62050197
62050198
62050199
62050226
62050227
62050237
62050238
62050141
62050148
62050145
62050135
62050169
62050181
62050183
62050200
62050201
62050202
62050203
62050204
62050228
62050229
62050230
62050231
62050239
62050191
62050147
62050192
62050136
62050163
62050171
62050172
62050205
62050206
62010274
62050207
62050208
62050209
62050210
62050211
62050232
62050233
62050240
62050241
62050242
62050143
62050193
62050139
62050194
62050173
62050174
62050188
62050189
62010275
62050212
62050190
62050213
62050214
62050215
62050216
62050234
62050235
62050243
62070040
62050236
62050244
62040080
62040082
62040053
62040051
62070100
62090006
62080113
62080147
62080138
62080139
62080144
62080157
62080137
62080153
62080154
62050099
62080086
62070008
62070017
62080167
62080162
62080163
62080164
62080177
62080186
62080187
62010231
62080165
62010232
62080172
62010233
62010234
62010235
62080173
62070086
62070087
62070088
62070089
62070090
62070091
62070092
62070093
62070094
62070095
62070096
62070098
62070099
62080174
62080175
62080176
62090034
62090035
62080180
34015574
62080053
62080070
62040102
62050223
62050224
62050111
62050114
62040104
62050096
62050124
62050126
62050129
62050131
62090068
62090069
62090067
62070097
Z401015
Z401001
Z401006
Z4010041
Z1020006
B002003
B002005
B0020012
B0020011
58010079
58010078
B0030005
B003001
26120035
Z501001
55140041
55130031
55140031
55140032
55140036
55130033
53020660
46010573
53020814
64030108
53020809
52090106
53020825
52090108
53021028
53020985
48020088
48020089
53021000
53020988
53021061
53021180
53021120
53021122
53021121
53021171
53021148
53021195
53040097
53020989
53021027
53021022
53021024
53040124
53021023
53021025
53021105
53020960
53020961
53021138
53021139
53021175
53021174
53021110
53021042
C8040050
52020031
52020035
52020038
C8040049
44020054
52090282
52090281
53021176
53021016
52090196
52090197
53020226
47020025
88010005
87020005
87020007
87020003
87020008
87020006
87020009
87020011
53020812
53020813
53020810
04020324
53020807
53020808
53020811
54060036
64030107
47020047
53020818
53020819
53020821
53020815
53020816
53020817
53020598
88010007
44080114
44080115
58040010
58040014
44010062
44010036
44010060
58040007
B0030004
06100594
52030043
06100762
06110132
92010027
92010021
06130017
06130018
92010003
92010017
92010016
06100632
06100661
06100686
45051178
06100736
D3010039
06370869
06370733
06370606
52030071
52030082
52030083
52030070
52030033
52030036
06100785
06100801
06110134
D1010031
91010010
06110234
06110237
06100902
06100638
06100710
45051486
06110161
06100824
06100823
06100825
92010008
06110194
06110120
89010007
89010009
92010028
92010029
06110192
52030107
52030104
52030115
52030095
52030096
52030114
52030097
52030098
52030102
06100921
06100805
06370827
64010272
06370768
06370828
06370749
06370694
06370760
06370823
06370656
06370740
06370741
06370723
06370675
06370649
06370688
06370736
06370729
06370735
06370861
06370685
06370686
06370651
06370691
06370663
06370818
06370699
06370756
06370355
06370701
06370518
06370759
06370849
73020005
06370650
06370763
06370719
06370660
06370662
06370744
06370717
06370787
06370788
06370813
06370814
06370815
06370816
06370808
06370809
06370810
06370811
06370826
06370862
06370875
06370655
06050378
06370667
06370683
06370807
06370804
06370805
06370673
06370705
06370837
06370839
06370868
06370859
06370829
06370671
06370672
06370803
06370800
06370799
06370870
70023798
38031660
70022892
38031158
38031744
24170023
24170021
24170024
24050044
24050045
24050046
24050047
24170020
24170025
24170011
24050049
24050050
24170004
24170022
24170019
24170018
24010223
24010225
24010219
24010237
24010238
24010213
24010218
24010243
24010228
24010217
24010205
24050048
24170017
34015320
44020002
62020110
22010095
62020013
44020044
44020066
44020074
44020060
22010107
44020094
62010230
62020106
44020122
44020123
62020108
62020109
62020005
62020011
22010080
44020121
62020091
44020128
44020129
44020130
44020131
44020033
44020091
44020056
29010028
29010029
44020051
44020039
44020034
44020052
44020042
44020028
44020082
44020075
62020038
62020039
44020115
62020076
62020078
62020080
62020081
44020003
44020006
44020022
44020005
44020032
62020102
62020097
62020113
62020111
62020099
62020112
62020107
62020026
62020061
62020088
62020089
62020090
62020096
62020100
44020004
44020049
44020116
44020118
44020113
62020086
62020083
62020044
62020075
62020036
22100026
34015518
62040019
22050029
34015627
34015519
62010191
62040128
62040127
62040123
62040125
34015275
45160453
78030053
78030074
78030044
55130042
55130040
55130041
55130043
55140048
55140043
55140047
55140042
55140045
55140050
55140049
55060032
Z502001
Z5020002
55040142
55040144
55040145
55040146
55040147
55040148
55040149
55040150
55040143
55040124
55040120
55040123
55130044
55040167
55110057
55110037
55110044
55110036
55110045
55060068
55060063
55060069
55060061
55060060
55060064
55060071
55110052
55110050
55110064
55110066
55110073
55110065
55110074
55110069
55110016
55060055
55100143
55140039
55130026
55130039
55130032
55130030
55130038
55130029
55140024
55130037
55130027
55140027
55130028
55140034
55140033
55140030
55140037
55140038
55140040
55130036
55130035
55140035
55130034
55130015
55130014
55130013
55130010
55130011
55130016
55140011
55140016
55140014
55140008
55130009
55110046
55110048
55110049
55140006
55040130
55040132
55110059
55110063
55110058
55040165
55040134
55110060
55040129
55040125
55040127
55110051
55110055
55040126
55110075
55040168
55110067
55110070
55040171
55110076
55110043
55110042
55040170
55110047
55040152
65010033
51040865
51041868
51032463
B6040004
B6040001
B6040003
C8050055
C8050050
C8050053
C8050049
B6040002
B6020028
51070067
51070066
51070071
51041811
51041812
51041777
51041780
51041779
51041536
51041778
51041733
51041867
51040855
51040856
51040857
51040858
51040859
51040860
51040861
51041781
51041782
51041783
51041815
51041816
51041730
51041731
51041732
51040862
51040863
51040864
50020221
50020223
50020224
51040916
51040986
51040987
51040988
51040917
51040918
51040919
51040920
51040922
50020226
50020227
50020228
50020230
51040905
51040906
51040907
51040909
51040910
51040911
51040912
51040913
50020222
51041789
51041790
51041797
51041788
51041786
51041787
51041784
51041800
51041802
51041801
51041798
51041799
01250307
01250305
01250306
51041852
51041845
51041773
51041710
51041757
51041776
51041729
50020187
48020064
48020065
50020188
50020189
50020190
50020192
50020193
50020195
50020196
50020197
51041813
51041814
51041854
51041851
51041853
51041725
51041726
51041727
51041728
51041715
51041717
51040866
51040867
51040869
B6020006
51040871
51040872
51040873
51040874
51040875
B6020019
B6020020
B6020021
B6020022
51041735
51041846
51041848
51041850
51041844
51041724
51041804
51041805
51041806
51041544
51041532
51041849
51041847
34015526
51041737
34015540
50020229
B6020010
51040853
51041691
34015409
51041690
51041687
51041686
B6010005
51041543
51041020
51041021
51031556
51031555
51040902
50010418
50010419
50010420
50010403
50010405
50010407
51041023
48010213
48010215
48010216
51041666
51041656
51041657
51041658
34015669
50020225
51040914
51040915
51040985
51040989
51040990
51040908
51070075
51070084
51070083
51070082
51040883
51041492
51041045
51041512
34015612
34015576
51041775
Z401007
Z401008
Z402001
Z401009
Z401010
Z401013
Z4010026
Z4010027
Z4010029
Z4010019
Z4010025
Z4010020
Z4010023
Z4010018
Z4010024
Z4010022
Z4010021
Z4010031
Z4010032
Z4010033
Z4010030
Z4010034
Z401003
Z401004
Z401002
Z4010035
Z4010036
Z4010037
Z4010039
Z4010042
Z4010043
Z4010044
Z4010045
Z4010046
Z4010048
Z4010049
Z4010050
Z4010051
Z4010038
Z4010047
Z4010040
Z4010052
Z4010017
34015391
53021188
53021055
51011866
Z6040014
D1010030
51011003
D1010029
D1010028
D1010015
44010058
44010064
44010065
44010066
44010067
44010068
44010069
44010055
55040118
Z3010005
18030274
18050175
18050174
18060083
18050159
60010069
18050160
18050161
18060073
60020041
18060074
18030273
60020038
18090127
60020042
60010070
60010071
60010072
60020043
60010065
60010066
60010068
60010067
60050049
60040213
60040217
18030278
18030279
60050048
60040231
60040238
60040228
60040235
60040229
60040230
60040237
60040236
60040215
60040248
60040241
60040234
60040239
60040177
60040225
60040221
60040190
18090063
18090064
18090096
18090098
18090094
18090097
18090100
18090093
18090099
18090134
18090140
18090132
18090075
18090139
18090077
18090123
60060074
60060056
60060057
18090079
18090133
18090049
18090056
18090129
18090118
60060059
18090119
18090128
60060069
60060065
60060064
60060066
18090091
18090117
60040249
60040250
60040251
60040252
60040253
60040254
60060062
60040259
60040255
60040256
60040257
60040258
60060055
60040196
60040212
60040192
60040193
60040194
60040197
60040198
60040199
60040195
60040191
18030239
18030240
60040202
60040201
60040204
60040207
60040209
60040211
60040208
60040206
60040203
60040210
18070141
18070182
18070186
18070192
18070204
18070205
18030248
18070211
18070215
18070217
18070218
18070221
18070222
18090044
18090043
60060054
60060053
60060051
60060052
18050162
18050165
18050166
18060080
18050163
18050164
18060075
18060076
60040242
60020044
60010074
60010078
60010075
18060081
60020034
60020036
60020030
18060071
60040243
60020045
60040244
60010080
18050168
18050167
18060077
18060078
60010055
60010050
60010052
18090142
60010076
18090105
18090106
18090102
18090108
18090109
18090107
18090101
18090103
60040220
60040214
60040218
60040227
18070255
18090066
18090136
18090083
18090074
18090088
18090070
18090130
18090137
18090069
18070256
18090121
18090054
18090153
18090053
18090151
18090124
18090085
18090112
18090086
60060070
60060071
18090071
18090062
18090087
60060060
18090120
18090125
60060068
60040233
60060058
60040240
60060063
60060067
60040232
60040226
60040223
60040222
60040224
60040186
18090059
18090138
18090068
18090060
18030287
18030281
18030283
18030284
18030286
18030289
44070010
18030288
18030290
18050183
18060085
18060088
18060084
18060086
18060087
18080041
18050176
18050180
18050177
70041878
70070553
70070556
51031719
70041635
70041576
70041574
51031880
38031383
70041434
70041582
51031051
70041634
70051378
70041768
64020254
51031724
70041638
51031720
70052479
70052484
51031626
51031832
51031833
51041050
51031649
70041754
70220528
38031527
38031526
38031525
70041914
70220530
70041604
38031579
72010005
46010556
46010557
46010538
46010541
46010539
46010561
38031687
70041609
70041607
70041608
70070562
70220435
70070434
70220439
70220436
70070422
70070424
70220438
70220437
51031566
70220457
70220459
70330039
70330040
70070435
70220458
51031576
51031575
70070433
70070431
70070432
70220441
70220466
70220461
70220464
70070491
70220468
70070502
70220519
70070494
70070539
70220463
70070493
70070483
70070486
70070485
70220525
70070490
70220520
70070492
70070542
70070484
70220527
70070495
70220518
70070537
70070487
70220467
70070564
70070503
70220517
70220516
70220521
70220524
70070540
70070541
70054520
70220522
70070543
70041902
70054267
70041901
70041886
70041948
70041852
70041900
70041848
70041849
70041850
70041851
70041881
70041893
70041883
70041882
70041892
70041884
70041885
70041840
70041927
70041931
70041911
70041841
70041917
70041923
70041924
70041946
70041941
70041932
70041906
70041907
70041887
70041949
70041913
70041908
70041945
70041944
70041952
70041950
70041909
70041926
70041943
70041925
70041942
70041921
70041889
70041922
70041955
70041916
51031565
51031568
51031564
51031567
70041854
70041820
70041888
70041839
70041844
70041846
70041847
70070430
70070426
70070427
70220399
70070533
70070499
70070500
70070423
70070497
70041891
70041793
70041789
70070565
70041818
70041821
70041822
70070566
70070563
38030741
70041790
70041791
70041792
70041842
70041819
70041853
70041824
70041845
70220420
C5040076
C5010026
C5010025
70070481
70070569
70070568
70070567
70220460
70041550
70041549
70220526
70041855
70041890
70041863
34015410
70041788
70041787
70041752
70041835
70041836
70041872
70310052
70310056
70310051
70310053
70310054
70310057
70310055
70041879
70310059
70310063
70041555
70041558
70041556
70041551
70041557
70041554
70310061
70310064
70310065
70310072
70310073
70310074
70310069
70310070
70041873
70041838
70041553
70041785
70041636
70041717
70041718
70041637
70041715
70041716
70041719
70041720
70070496
C5010016
C5010017
C5010020
C5010021
C5010022
C5010023
C5010008
C5010009
C5010010
C5010011
C5010012
C5010013
C5010014
C5010015
70220390
34015692
C5010031
C5030070
C5010034
C5010032
C5010033
C5010036
C5040082
C5040078
C5010035
C5040080
C5040079
C5040081
C5040077
C5010037
70041656
70041657
70041658
70041708
70041560
70041559
70041740
70041655
38031755
70041639
70041640
70041661
70041641
70041642
70041643
70041784
70041786
70041910
70041876
70041915
70041947
70041880
70041940
70053008
70041603
70041834
70041737
70041733
70041739
70041735
70041736
70041738
70041827
70041828
70041734
70041741
70041843
70070354
70070511
70070356
70070357
70070358
70070362
70070545
70070546
70070547
70070548
70054031
70070549
70070550
70070551
70070552
70070570
70041865
70041866
70041868
38030489
38030488
38030484
38030485
38031108
38030827
38030828
38030830
38030816
70070272
70070244
70070448
70070450
70070451
70070453
70070456
70070458
70070459
70041762
70041764
70041765
70041766
70220445
70070443
70041566
70220475
70220476
70220477
70070523
70070505
70070506
70070521
Z3010006
B0030007
Z1020002
Z503001
Z5030002
Z1020003
Z1020007
Z1020008
Z1020009
Z1020010
Z1020011
Z1020012
70320084
70024425
D7010023
D7010026
D7010024
D7010021
D7010039
D7030084
D7030085
D7030089
D7030092
D7030093
D7030095
D7030094
D7030082
D7030083
D7030051
D7030053
D7030050
D7030049
D7030090
D7030091
D7030054
D7030048
D7030052
D7030086
D7030087
D7010033
D7010036
D7010035
D7010034
D7010016
D7010027
D7010029
D7010014
D7010015
D7010031
D7010010
D7010030
D7010005
D7010019
D7010004
D7010008
D7030055
D7010018
D7010017
D7030069
D7030080
D7030075
D7030076
D7030073
D7030074
D7010037
D7030088
34015324
34015474
70024678
C5030010
C5030008
C5030011
C5030030
C5030042
C5030007
C5030009
C5030043
C5030046
C5030045
C5030006
C5030033
C5030032
C5030005
C5030031
70024179
70024176
70024635
70024595
70024178
70024175
70024177
70024596
70025034
70025033
70024180
70024181
70024597
C7010043
C7010038
C7010041
C7010039
C7010042
C7010040
46030108
70024793
70024601
70024879
70024570
52100170
C5030038
C5030036
C5030034
C5030040
C5030039
C5030035
C5030037
C5030041
02021241
C8030099
C8030119
C8040076
C8040078
C8030098
C8030118
C8030100
C8030120
C8040077
C8040079
C8030121
M1010109
M1010108
M1010110
M1010111
M1010113
M1010112
M1010107
C8030107
C8030115
C8030104
C8030112
C8030106
C8030114
C8030108
C8030116
C8030105
C8030113
C8030117
M1010015
M1010016
M1010017
M1010018
M1010019
M1010020
M1010021
M1010011
M1010007
M1010008
M1010009
M1010010
M1010006
70023871
70023532
64020278
70023672
64020277
70023999
70023842
70023848
70023796
70023863
38031714
38031710
70024056
79010003
38031742
34015411
70025037
70024712
70024539
70024538
70024537
70024535
70024532
70024580
70024581
70024582
70024583
70024584
70024585
70024586
70024587
70024588
70024589
70025101
70025035
70025036
70053208
70053210
70053213
70053214
70053216
70053220
70024082
70024083
70024086
70024087
70024088
70023789
70024900
70024674
70023357
70024901
70024662
70024660
70024663
70024661
70024531
38031748
70024753
70023380
70023940
70024744
70053486
70024817
70024910
70320081
70053502
70024413
70024410
70024412
70320087
70320085
70320088
70320092
70320089
70320078
70320086
70320095
70320082
70024409
70023553
70320077
70320097
70053357
70320106
70024781
70024415
70024780
70024942
70024941
70320098
70320099
70320100
70320101
70320102
70320103
70024416
70024417
70024825
70024823
70023938
70055237
70024819
70024912
70024911
70024908
70024913
70024745
70024259
70024909
70053482
70053481
70024421
70024422
70024423
70024424
70024419
70024746
70024432
70024436
70024435
70024438
70053522
70024437
70024431
70024428
70024440
70024439
70024430
70024434
70024429
70024433
70024444
70024442
70024949
70024947
70024948
70024946
70024441
70053964
70024443
70024816
70025007
70025010
70025008
70024822
70024096
70024097
70024095
70024821
70024750
70024752
70024748
70024751
70024903
70024902
70025087
C9010028
C9010029
C9010030
C9010031
C9010032
70024749
70024818
70024260
70024263
70024296
70024297
70024298
70024299
70023994
70023993
70023995
70024904
70024113
70024114
70024445
38031747
38031746
38031745
38031743
70024489
70024490
70024782
70024783
70024784
70024785
70024786
70024930
70024487
70025057
70024491
70024492
70054006
70024696
70024702
70024703
70024544
70024545
70024547
70024548
70024549
70024820
58010080
58010081
53070424
45460187
53070251
45460274
45460315
52090198
78030025
05010376
45460531
53070512
53070378
53070306
45160454
53070423
53070286
53070422
53070248
53070332
53070436
75023047
53070418
53070437
53070163
53070459
53070480
45160456
45460337
53070495
53070493
53070328
53070496
45160461
45160462
53070443
45160455
53070229
53070383
53070500
53070513
45460435
53070425
45460498
45460492
45460476
45150034
75023042
53070096
75023046
53070280
53070462
53070359
53070386
53070385
53070478
53070433
53070432
53070416
53070523
53070392
53070391
53070390
53070474
45460388
45460095
45460096
45460097
45150030
45460005
45460025
53070492
53070486
53070356
45460436
53070281
53070240
53070313
75023061
75010006
75023048
75023050
75023026
75023051
34015412
45460451
53070520
53070438
53070497
53070498
53070428
45460450
45460448
53070404
53070259
53070503
53070303
53070245
53070247
53070277
53070501
53070471
53070300
53070439
53070403
53070293
53070482
53070402
53070502
53070135
53070272
53070506
53070476
53070400
53070399
53070405
53070440
53070441
53070511
53070361
53070397
45160466
45160468
78030059
53070275
53070360
53070467
51020911
53070317
53070085
53070246
53070510
53070463
45460046
45460044
53070395
53070276
53070265
53070314
45460437
45460491
53070415
53070466
53070429
53070465
78030019
53070435
86020008
86020005
53070322
53070431
53070477
53070504
53070243
53070481
45160463
45160464
53070363
53070427
53070381
53070430
53070289
53070290
53070296
53070479
53070394
53070434
53070393
53070426
53070244
53070231
53070264
45460273
53070258
45460275
89040004
89040005
45460035
45460309
45460310
45460311
45460312
45460314
45460316
53070304
53070273
53070253
53070252
53070274
53070282
45150040
45150048
45460016
45460257
45460263
45460261
45460262
45460256
45460255
45460260
45460259
45460258
45460039
53070233
45440021
45160352
53070271
53070262
53070256
53070255
53070278
53070279
53070254
53070305
53070257
53070284
45460037
45460402
53070368
64030098
53070367
53070351
53070414
53070412
53070413
53070347
53070330
53070331
53070464
53070333
53070362
45460475
53070329
45460038
53070448
64030138
64030142
64030152
53070411
53070339
53070375
45460179
53070261
45460495
45460051
45460147
45460345
53070115
45460407
45460408
64030125
53070410
53070352
53070371
53070353
45460452
45460372
45460244
45460240
45110077
45110075
45460033
45460042
45460318
45460453
45460462
53070454
53070514
53070208
64030179
64030180
53070324
53070450
53070451
53070532
53070484
53070485
53070527
45460325
45460336
53070460
64030141
53070288
53070455
53070456
53070457
53070408
53070409
53070406
53070221
45460525
45460228
45460229
45460330
45460332
53070461
53070444
53070445
45460072
53070250
53070167
45460075
45460120
45460111
53070236
53070227
53070162
53070249
45170039
53070358
53070442
53070472
53070320
53070417
45460447
45460446
45460444
53070311
53040086
45460432
45460185
53070263
52090194
45460189
45460192
45460193
24990097
24990098
24990099
24990105
24990074
24990075
24990077
24990078
24990072
06030032
06050319
06050370
06050351
06050372
06050250
06050359
06050248
06050322
06050315
06050386
06050392
06370674
06050328
06050304
06050329
06050331
D6040101
D6040102
D6040072
D6040073
D7030068
D7030070
D6040054
D6040055
D6040075
D6040076
D6040045
D7030077
D7030079
D7030046
D7030047
D7030063
D7030060
D7030062
D7030061
D6030030
D7030066
D7030065
D7030071
D7030072
D7030064
34015859
D8030088
D8030089
D8030087
D8030090
D8030091
D8030082
D8030083
D8010034
D8010035
D8010037
D8010036
D8010038
D8030084
D8030085
D8030086
D8030068
D8030067
D8030069
D8030070
D8010002
D8010004
D8010011
D8010007
D8030076
D8030077
D8010017
D8010018
D8010020
D8010021
D8010019
D8010022
D8010016
D8010014
D8010015
D8010025
D8010030
D8010024
D8030050
E1030022
D8030051
D8010027
D8010012
D8010033
D8030057
D8030059
D8030058
D8010040
D8010041
D8030060
D8030052
D8010028
D8010023
D8030061
D8010045
D8010032
D8010013
D8010042
D8030063
D8030056
D8030054
D8030055
D8030094
D8030093
D8030062
D8030053
D8010039
D8010044
D8030074
D8030075
35197506
D8020046
D8020047
D8030066
D8020048
D8030065
D8030078
D8030079
D8020045
D8030064
D8030080
D8030073
D8030072
D8030081
Z2010035
Z2010036
Z2010033
64040004
Z2010034
Z2010010
Z2010011
Z2010009
Z2010008
64040005
Z2010019
Z2010018
64040006
Z2010037
18070166
18090149
18090055
18090047
18070252
76022036
78030071
Z6020012
78030076
Z6020011
Z6070001
Z6070002
Z6070003
78030018
78030026
78030027
78030028
78030016
78030017
Z6020001
78030035
78030022
78030034
Z6020006
78030037
Z6020007
Z6020005
Z6020013
75023060
78030070
75023058
75023052
53040120
53040117
53040119
53040116
53040152
53040112
76022045
76022041
76022043
76022044
76022032
76022034
45460445
89010018
89010019
89010020
89010021
89010022
78030072
78030046
78030075
78030067
78030068
78030069
78030005
78030004
78030057
78030058
78030061
78030007
78030008
78030030
78030031
78030029
78030063
78030050
52090207
46030183
46030184
52090202
45460442
45460443
78030062
89020008
34015476
53040121
53040136
53040118
53040129
53040110
78030024
78030023
45460466
45460467
45460468
45460469
53070118
C8020032
C8020033
C8020034
45460326
24990094
24990091
18090050
45460360
52090283
78030047
52090188
52090189
52090181
52090186
45160465
52090182
75023045
45460499
45460532
45460533
53070535
53040125
53040135
53040142
53040099
53040100
53040108
53040107
53040109
53040106
53040104
53040105
53040133
53040131
53040103
53040132
53040153
53040079
53040080
53040101
53040084
53040085
53040083
53030322
53040130
53040081
53040126
53070334
53040111
53070499
76022037
78030052
78010247
53070396
78030045
89020016
89020014
89020015
89020013
53070401
53070475
78030043
45160467
78030048
78030055
78030056
53070380
53070421
53070420
53070470
53070469
53070468
53070505
78030013
78030042
78030014
45460321
45460320
78030054
45460497
45460024
38040246
78030010
38040239
38040250
38040251
45160347
53070379
89020004
52090080
45460089
78030049
45460317
66010015
45460222
89020012
52090270
52090271
52090267
52090275
52090274
52090276
53070388
53070387
46030185
46030189
45160257
45160258
45160250
45160253
75023032
75023033
45160447
45030453
45160391
53040078
53070530
53070531
45460535
46020192
46020188
46010470
45160450
45160449
38040248
45160364
38070131
04030137
52060032
45160243
45160238
C6020015
C6020005
C6020016
C6020002
C6020004
C6020018
C6020030
52090205
78040002
04010168
45190927
45460343
45460342
64030115
45460344
45460094
53070419
45460373
45460376
45460425
45460480
45460413
45460387
45460478
45460477
64030116
45460479
45460348
45460493
53070453
84010021
84010017
45460340
45460338
45460378
53070346
45460380
45460384
45460382
45460383
45460381
45460386
53070316
45460489
45460488
45460487
45460486
45460472
53070407
53070364
45460419
45460418
45460474
45460473
45460465
45460490
45460377
45460390
45460393
45460389
53070349
53070374
45460339
45460141
45460341
45460395
45460394
45460430
45460484
45460481
45460483
45460482
45460351
45460412
45460414
45460470
45460471
45460374
45460375
45460350
45460496
53070473
45460494
45460409
45460415
45460417
53070343
73010004
52090065
73010005
53070344
53070372
45460371
46010548
45460029
45460030
45080091
45190470
45080073
45460441
52090047
46010313
52090127
52090133
45460363
45460440
53070508
45460530
45460526
45460527
45460524
53070325
53070318
53070509
53070327
53070452
45460529
45460510
45460515
45460347
45460346
45460511
45460513
45460507
45460514
45460512
45460509
45460519
45460534
45460328
45460327
45460396
45460397
45460399
53070446
53070517
53070483
45460392
45460518
45460459
53070458
45460506
45460516
45460505
45071988
53070219
45460333
45460331
45460323
45460458
45460461
45460460
45460398
53070447
45460207
78030011
89020010
45080178
45080179
45080185
45080182
45080184
45080177
45080181
45080183
45080180
45080186
45080193
45080194
45080195
45080125
45080176
45080166
45080168
45080169
45080170
45080172
45080173
45080174
45080175
45080187
45080188
45080189
45080190
45080191
45080192
45080135
45080140
45080149
45080145
45080151
53070366
53040089
45460369
75023043
53040143
53040140
53040139
53040077
53040082
53070507
45160342
45160385
64030114
53070342
45460098
53070222
45460528
45460070
24990100
24990101
84010022
84010023
84010024
84010025
84010026
84010027
84010028
84010029
84010030
84010031
82010009
82010010
82010011
82010012
82010014
82010015
82010016
82010017
82010018
53040092
53030317
53040090
53040115
64030102
45460464
45460463
53070449
51041538
51041065
51041216
51041064
13080708
52130001
13060130
13090056
13090057
13090058
13090059
13060128
13060145
13060146
13060147
13060148
13090055
13080833
13060158
13090005
13090006
13090012
13090019
13090020
13090021
13090031
13090045
13090046
13090051
13090076
13090054
13090075
13090080
13090079
13060135
13060160
13060152
13060137
13060139
13060150
13060153
13060156
13060157
13060151
13060149
13060159
13060134
13060136
13060154
13060155
13060138
13060131
13060144
13090007
13090009
13090010
13090013
13090014
13090015
13090035
13090036
13090037
13090042
13090043
13090044
13090001
13090016
13090017
13090018
13090022
13090023
13090024
13090032
13090033
13090034
13090038
13090039
13090040
13090049
13090078
13090077
13090048
13090053
13090052
13080635
13080634
13080668
13080705
13060125
13080663
13080631
13050136
13050116
13100002
13080638
13080679
13050131
13050111
13050113
13050112
13050114
13080633
13080648
13080647
13050101
13080678
13050138
13050120
13050121
13050119
13050070
13080675
13080603
13080615
13080702
13080653
13080676
13080692
13080650
13050042
13050124
13050117
13050137
13050032
13050123
13050099
13050118
13050133
13050134
13080581
13080617
13080614
13050141
13060112
13060115
13060124
13050139
13050140
13060132
13060133
13060123
13060126
13060121
13080700
13080613
13080666
13050115
13080602
13080695
13080652
13080661
13050130
13100001
13080693
13050094
13080709
13080703
13080616
13050104
13050102
13050105
13050106
13050107
13050108
13050103
13050100
13080605
13080604
13080793
13080773
13080775
13080894
13080895
13080777
13080778
13080900
13080753
13080800
13080740
13080905
13080926
13080727
13080902
13080731
13080839
13080897
13080847
13080849
13080799
13080838
13080774
13080726
13080835
13080737
13080848
13080816
13080925
13080817
13080725
13080904
13080746
13080792
13080834
13080790
13080806
13080795
13080857
13080855
13080796
13080821
13080856
13080868
13080851
13080822
13080829
13080858
13080860
13080797
13080861
13080859
13080807
13080880
13080850
13080862
13050127
13050142
13080660
13080716
13080651
13080718
13050129
13050126
13050128
13070058
13070053
13070018
13070008
13070027
13080630
13080629
13080632
13080673
13080664
13080670
13080671
13080672
13070034
13070035
13080890
13080893
13080494
13080681
13080680
13070010
13070026
13080628
13080627
13080704
13080637
13070052
13080626
13010515
13080901
13080621
13080625
13070062
13070060
13070061
13080696
13070064
13070068
13070069
13070070
13080706
13080841
13080912
13080734
13070073
13080801
13080665
13080776
13080827
13080911
13080910
13080781
13080843
13080654
13080720
13080742
13080788
13080804
13080852
13080759
13080830
13080866
13080658
13080786
13080836
13080867
13080888
13090025
13080883
13080723
13080607
13080819
13080887
13080649
13080686
13080711
13080738
13080784
13080870
13080884
13080907
13080688
13080729
13080826
13080885
13080805
13080873
13080803
13080879
13080824
13080840
13070063
13070066
13080808
13080809
13080810
13080812
13070065
13080828
13080758
13080656
13080667
13080845
13080825
13080831
13080689
13080756
13080854
13080606
13080685
13080732
13080871
13080920
13080832
13080906
13080844
13080655
13080837
13080712
13080755
13080921
13080698
13080787
13080922
13080877
13080687
13080917
13080842
13080823
13080714
13080599
13080683
13070046
13080733
13080802
13080818
13080741
13080719
13080783
13080736
13080889
13080699
13080815
13080789
13080798
13080882
13080715
13080690
13080785
13080886
13080874
13080864
13080881
13080865
13090065
13090066
13090067
13090068
13090069
52130002
13090060
13090061
13090062
13090063
13090064
13080876
13060122
13010919
13010905
13010922
13010932
13080636
13010914
13010915
13010921
13010929
13060119
13010916
13010935
13010934
13010917
13010930
13010924
13010923
13010913
13010928
13010927
13010933
13090072
13090071
13090073
13090074
Z2010015
64040010
Z2010017
64040009
Z2010016
51021391
54080196
51021572
50020198
50020199
50020200
50020202
50020203
50020205
50020206
50020207
50020209
50020210
50020211
51020970
51020971
50020098
A3030010
51021446
51021447
A3030012
A3030013
51021448
A3030014
51021449
51021450
51021451
51021452
51021479
51021454
51021455
51021456
A3030011
51020974
51021484
51021467
51021468
51021469
51021470
51021471
51021480
51021481
C8050015
C8050016
C8050017
C8050018
C8050019
C8050020
C8050021
C8050022
C8050023
C8050014
51021492
51021498
51021525
51021500
51021524
51021518
51021521
51021520
51021528
51021501
51021495
51021514
51021515
51021496
51021457
51021458
51021459
51021461
51021462
51021463
51021465
51021466
51021522
50020159
50020179
50020180
50020186
B4020006
B4020007
B4020008
B4020009
B4020010
B4020011
B4020012
B4020013
B4020014
51021442
51021425
51021427
51021428
51021407
51021408
51021410
51021411
51021412
51021413
51021437
51021438
51021439
51021431
51021432
51021433
51021434
51021416
51021419
51021422
51021423
51021561
51021560
50010421
50010422
50010423
50010425
50010426
50010431
50010432
50010433
48010219
48010220
48010221
48010223
50010427
50010428
50010438
50010439
50010440
50010441
50010437
51020989
48010225
48010226
48010227
48010228
48010229
A3010015
A3010016
A3010017
A3010018
A3010003
A3010004
A3010005
A3010006
A3010007
A3010008
A3010009
A3010010
A3010011
A3010013
A3010014
48010231
48010232
48010233
48010235
51020869
A3010019
A3010020
A3010022
51021472
51021473
51021474
51021475
A3010023
34015414
50010435
51020995
51021341
34015581
24020294
24020326
24020330
24020329
24020331
24020321
24020323
24020328
24020332
24020324
24020325
24020327
24020335
24020336
24020338
24020320
24020337
24020344
24020345
24020311
24020310
24020334
24020333
24020317
24020318
24020312
24020339
24020315
24020313
24020316
24020319
24020303
24020304
24020340
24020341
24020342
24020343
13070017
50010193
51021089
51021092
53040144
53040098
53021031
53040127
D9020055
D9020054
D9020053
D9000021
D9000019
D9000018
D9000027
D9020029
D9020028
D9020032
D9020030
D9020031
D9000002
D9000003
D9000015
D9020048
D9020067
D9020072
D9020073
D9020068
D9020069
D9000026
D9000025
D9000012
D9000013
D9000009
D9000007
D9000008
D9000011
D9000010
D9020070
D9020071
D8010026
D8010031
D9000006
D9000005
D9000024
D9000017
D9000020
D9000022
D9020046
D9020047
D9020035
D9020036
D9000023
D9020040
D9020039
D9020034
D9020038
D9020037
D9020033
D9020066
D9020051
D9020052
D9020049
D9020043
D9020064
D9020065
D9020041
D9020042
D9020058
D9020059
D9020062
D9020063
D9020056
D9020060
D9020061
D9020057
34015328
34015388
34015845
34015850
34015706
34015415
34015464
34015463
34015852
Z5010005
01240059
70240096
24160010
01230451
24150052
24160034
24150053
24160026
24160028
24150054
24150043
24150038
24150049
24150046
24150041
24150022
24160024
70024885
24150020
24150056
24150048
24160005
24160031
70240097
70240099
70240098
70240124
70240157
70240155
70240156
70240161
70240158
70240102
70240123
70240153
70240160
70240154
70240090
70240089
70240091
70240085
70240087
70240033
70053291
70240095
70240093
70240100
70240084
70240125
70240127
70240128
70240129
70240152
70240131
70240132
70240133
70240134
70240136
C6020019
C6020020
C6020021
C6020022
C6020023
C6020024
70240107
70240110
70240115
70240116
70240117
70240111
70240079
70240083
70024120
70053359
70024829
70024326
70024128
70024127
01250309
01070018
70053966
70024324
70024884
C6020029
C6020014
C6020010
C6020013
C6020009
C6020011
C6020012
24150051
24150033
24160033
24150042
24150044
24160023
24150027
24150028
24160007
24160011
24160009
24160008
24150024
70053285
24150037
70240094
24150045
24150055
24150047
24150034
24150040
24150039
24150035
24150036
24160032
24160030
24160029
24150023
24160027
24150021
01250319
25020017
51021491
51021488
51021490
51021489
51021503
51021487
51021502
51021504
51021541
51021507
51021509
51021508
51021506
51021543
51021544
51021537
51021568
51021573
01050734
51021567
51021547
51021330
51021548
51021332
51021549
51021331
51021546
51021545
51021550
51021576
51021577
01050733
51021538
51021540
51021575
51021574
01050739
01050740
01050741
51021400
51021329
51021396
51021403
51021530
51021531
51020919
01250238
70053289
51021511
51021510
51021513
51021539
51021566
51021533
51021512
51021536
51021532
51021120
51020976
51020978
51020979
51020981
51020982
50020231
54020025
01230318
01050689
01230320
50010301
49030346
06370707
49030171
64010328
06370692
64010194
06100888
06100628
06110159
06110158
06100635
06100643
06100687
91010003
91010002
06110206
52030068
52090170
52030080
52030073
52030078
52030079
06110260
06100663
06100745
06100828
06100951
06100787
06100763
06100786
06100821
06100723
06100752
06100639
06100741
06100691
06100577
06100937
06100922
06100749
06100761
06100784
06100852
06100707
06100708
06100795
06100873
06100861
06100924
06100720
06100511
06100754
06100897
06100896
06100753
52030025
06100884
06100674
06100799
06100796
06100800
06100798
06100782
06100776
06100817
06100803
06100844
06100831
06100756
06100871
06100872
06100853
06110263
06100836
06100859
91010019
91010020
06110216
06110217
06110220
06110222
06110218
06110221
06110135
06100878
06100862
06100883
06100927
06100769
06100431
06100869
06100870
06100382
06110118
06110114
06110119
06110108
06110111
46020185
46020183
46020186
06100841
06100893
06130021
06130020
91010012
06130019
91010018
06110250
06110241
06110248
06110249
06110240
06110244
06110265
06110229
06110233
06100860
06110269
06110270
06110271
06100393
06100894
06100640
06100733
06100928
06100918
06100830
06100743
06100913
06100914
06100846
06100717
06100895
06100912
06100911
06100919
06100933
06100932
06100734
06100771
06100773
06100774
06100939
06100848
06100820
52030100
06100920
06100835
06100818
06100880
06110130
91010004
91010022
91010011
91010006
91010008
91010017
06110238
06110236
D2010013
D2010005
D2010012
06100916
06100949
06110243
06110235
06110251
92010025
92010026
06100441
06100757
06100839
06100840
06100615
06100496
06100689
06100637
06100726
06100748
06100653
06100725
06100676
06100813
06100747
06100716
06100838
06100868
06100730
06100727
06100904
06100851
06100875
06100876
06100806
06100822
06110214
06100903
92010024
06100898
06100815
06110264
06100849
06110262
06100900
92010030
06100908
06100867
06100863
06100772
06100790
06100788
06100779
06100636
06100866
06100865
06110110
06110112
06100901
06130005
92010010
92010011
92010015
06100626
06110141
06110227
06110225
06110228
06100856
06100812
06100909
06100673
06110193
06100816
06100837
06100845
06100814
24990095
24990057
24990056
52030106
52030103
52030105
52030109
52030121
52030119
52030116
52030113
52030110
52030108
52030117
52030112
52030111
52030092
52030101
52030118
52030093
52030099
52030094
52030120
52030126
06100714
06100739
06100885
06100834
06100719
06100802
06100847
06100879
06100842
06100558
06100877
06100713
06100874
06100740
06100566
06100882
06100711
06100751
06100738
06100777
06100767
06100792
06100850
06100633
06100634
06100597
06100832
06100833
06100881
06110173
06110190
06110187
06110179
06110174
06110176
06110177
06110178
06110188
06110180
06110181
06100652
06100660
06100659
06100658
06100683
06100657
06100679
06100642
06100675
06100688
06100648
06100684
52030006
06100641
06100935
06100854
06100855
06110121
06100631
06110157
06110075
52030085
52030086
52030091
52030087
52030088
52030089
52030090
06100731
06100647
06100646
06100910
06100677
06100678
06100644
06100470
06100685
06100650
06100915
92010019
64010212
06370513
06370822
06370847
49030395
64010265
64010273
64010271
49030385
06370709
06370755
49030389
06370853
06370573
49030404
06370696
49030403
49030267
49030268
49030270
64010213
64010215
64010224
49030405
06370820
06370821
49030197
49030437
64010246
64010242
64010244
06370764
06370708
06370695
06370761
64010266
06370848
49030269
06370731
06370712
63010072
06370854
06370855
06370762
64010231
49030258
64010299
64010294
64010298
06370742
06370757
06370720
06370773
06370724
06370770
06370771
06370772
06370721
06370677
06370639
06370785
06370842
06370794
06370769
06370687
06370737
06370738
06370728
06370730
06370690
06370648
06370747
06370748
06370711
06370844
06370793
06370792
06370846
06370858
06370834
06370833
06370857
49030379
49030394
64010269
64010267
64010268
49030235
64010274
64010276
64010277
64010282
64010296
64010279
64010263
64010264
06370658
06370652
06370276
06370845
06370659
49030274
49030273
06370817
06370843
49030380
06370819
49030438
49030434
49030382
64010248
64010249
06370609
06370610
49030285
06370654
06370856
06370754
06370613
06370700
49030263
06370698
06370519
64010270
64010258
06370852
06370850
06370851
06370798
49030275
06370734
06370732
49030422
49030259
63010046
63010045
06370766
73020007
06370661
06370767
06370765
49030310
82010022
64010233
06370664
06370352
06370745
06370795
49030261
06370716
06370715
06370693
06370718
06370714
64010260
54070014
06370642
64010210
06370774
06370775
06370776
06370777
06370491
49030116
06370786
06370790
06370676
06370645
06370778
06370780
06370781
06370782
06370783
06370796
06370797
63010052
06370825
06370841
06370824
06370863
06370876
49030290
06370680
06370678
06370679
06370681
49030281
49030277
49030276
06370665
06370880
06040715
49030262
06370866
06370666
49030423
06370563
49030347
64010304
63010051
64010327
06370684
06370682
64010326
49030393
06370806
06370882
64010204
06370830
06370703
06370704
06370865
49030401
06370886
06370887
06370881
06370636
06370637
06370706
06370626
06370835
06370836
06370838
06370802
06370801
06370860
82010024
64010227
06370884
49030420
64010259
49030427
63010049
63010048
63010077
82010019
06370832
06370879
49030309
51031764
64010319
64010318
64010228
64010229
49030402
49030383
49030287
49030286
49030283
49030386
06370867
06370670
06370669
06370739
06370567
49030294
06370840
82010020
82010021
06370871
06370831
06370598
06370537
06370607
06370508
06370531
06370611
06370612
92010002
92010023
06100498
06100843
52030122
06110146
06100887
06100783
D2010002
06100886
77030046
